// Validating benchmarks:
// ***** BenchmarkRunner: Start   *****
// ***** Found 42 benchmark(s) in total *****
// ***** Building 3 exe(s) in Parallel: Start   *****
// ***** Done, took 00:00:10 (10.75 sec)   *****
// Found 6 benchmarks:
//   ConnectionBenchmarks.TcpConn: .NET 6.0(Runtime=.NET 6.0)
//   ConnectionBenchmarks.NpConn: .NET 6.0(Runtime=.NET 6.0)
//   ConnectionBenchmarks.TcpConn: .NET 8.0(Runtime=.NET 8.0)
//   ConnectionBenchmarks.NpConn: .NET 8.0(Runtime=.NET 8.0)
//   ConnectionBenchmarks.TcpConn: .NET Framework 4.8(Runtime=.NET Framework 4.8)
//   ConnectionBenchmarks.NpConn: .NET Framework 4.8(Runtime=.NET Framework 4.8)

Setup power plan (GUID: 8c5e7fda-e8bf-4a96-9a85-a6e23a8c635c FriendlyName: High performance)
// **************************
// Benchmark: ConnectionBenchmarks.TcpConn: .NET 6.0(Runtime=.NET 6.0)
// *** Execute ***
// Launch: 1 / 1
// Execute: dotnet 28b8886a-3d8c-41cc-bc62-dd7109f66270.dll --anonymousPipes 4748 4628 --benchmarkName ServiceWire.Benchmarks.ConnectionBenchmarks.TcpConn --job ".NET 6.0" --benchmarkId 0 in d:\code\Github\ServiceWire\src\Benchmarks\ServiceWire.Benchmarks\bin\Release\net8.0\28b8886a-3d8c-41cc-bc62-dd7109f66270\bin\Release\net6.0
// BeforeAnythingElse

// Benchmark Process Environment Information:
// BenchmarkDotNet v0.14.0
// Runtime=.NET 6.0.36 (6.0.3624.51421), X64 RyuJIT AVX2
// GC=Concurrent Workstation
// HardwareIntrinsics=AVX2,AES,BMI1,BMI2,FMA,LZCNT,PCLMUL,POPCNT VectorSize=256
// Job: .NET 6.0

OverheadJitting  1: 1 op, 144800.00 ns, 144.8000 us/op

System.Reflection.TargetInvocationException: Exception has been thrown by the target of an invocation.
 ---> System.Net.Sockets.SocketException (10048): Only one usage of each socket address (protocol/network address/port) is normally permitted.
   at System.Net.Sockets.Socket.UpdateStatusAfterSocketErrorAndThrowException(SocketError error, String callerName)
   at System.Net.Sockets.Socket.DoBind(EndPoint endPointSnapshot, SocketAddress socketAddress)
   at System.Net.Sockets.Socket.Bind(EndPoint localEP)
   at ServiceWire.TcpIp.TcpHost.StartListener() in d:\code\Github\ServiceWire\src\ServiceWire\TcpIp\TcpHost.cs:line 84
   at ServiceWire.Host.Open() in d:\code\Github\ServiceWire\src\ServiceWire\Host.cs:line 261
   at ServiceWire.Benchmarks.ConnectionBenchmarks.TcpConn() in D:\code\Github\ServiceWire\src\Benchmarks\ServiceWire.Benchmarks\ConnectionBenchmarks.cs:line 48
   at BenchmarkDotNet.Autogenerated.Runnable_0.WorkloadActionNoUnroll(Int64 invokeCount) in d:\code\Github\ServiceWire\src\Benchmarks\ServiceWire.Benchmarks\bin\Release\net8.0\28b8886a-3d8c-41cc-bc62-dd7109f66270\28b8886a-3d8c-41cc-bc62-dd7109f66270.notcs:line 311
   at BenchmarkDotNet.Engines.Engine.Measure(Action`1 action, Int64 invokeCount)
   at BenchmarkDotNet.Engines.Engine.RunIteration(IterationData data)
   at BenchmarkDotNet.Engines.EngineFactory.Jit(Engine engine, Int32 jitIndex, Int32 invokeCount, Int32 unrollFactor)
   at BenchmarkDotNet.Engines.EngineFactory.CreateReadyToRun(EngineParameters engineParameters)
   at BenchmarkDotNet.Autogenerated.Runnable_0.Run(IHost host, String benchmarkName) in d:\code\Github\ServiceWire\src\Benchmarks\ServiceWire.Benchmarks\bin\Release\net8.0\28b8886a-3d8c-41cc-bc62-dd7109f66270\28b8886a-3d8c-41cc-bc62-dd7109f66270.notcs:line 176
   --- End of inner exception stack trace ---
   at System.RuntimeMethodHandle.InvokeMethod(Object target, Span`1& arguments, Signature sig, Boolean constructor, Boolean wrapExceptions)
   at System.Reflection.RuntimeMethodInfo.Invoke(Object obj, BindingFlags invokeAttr, Binder binder, Object[] parameters, CultureInfo culture)
   at System.Reflection.MethodBase.Invoke(Object obj, Object[] parameters)
   at BenchmarkDotNet.Autogenerated.UniqueProgramName.AfterAssemblyLoadingAttached(String[] args) in d:\code\Github\ServiceWire\src\Benchmarks\ServiceWire.Benchmarks\bin\Release\net8.0\28b8886a-3d8c-41cc-bc62-dd7109f66270\28b8886a-3d8c-41cc-bc62-dd7109f66270.notcs:line 57
// AfterAll
No Workload Results were obtained from the run.
// Benchmark Process 61608 has exited with code -1.

// ** Remained 41 (97.6%) benchmark(s) to run. Estimated finish 2026-08-18 15:19 (0h 0m from now) **
Setup power plan (GUID: 8c5e7fda-e8bf-4a96-9a85-a6e23a8c635c FriendlyName: High performance)
// **************************
// Benchmark: ConnectionBenchmarks.NpConn: .NET 6.0(Runtime=.NET 6.0)
// *** Execute ***
// Launch: 1 / 1
// Execute: dotnet 28b8886a-3d8c-41cc-bc62-dd7109f66270.dll --anonymousPipes 2440 4320 --benchmarkName ServiceWire.Benchmarks.ConnectionBenchmarks.NpConn --job ".NET 6.0" --benchmarkId 1 in d:\code\Github\ServiceWire\src\Benchmarks\ServiceWire.Benchmarks\bin\Release\net8.0\28b8886a-3d8c-41cc-bc62-dd7109f66270\bin\Release\net6.0
// BeforeAnythingElse

// Benchmark Process Environment Information:
// BenchmarkDotNet v0.14.0
// Runtime=.NET 6.0.36 (6.0.3624.51421), X64 RyuJIT AVX2
// GC=Concurrent Workstation
// HardwareIntrinsics=AVX2,AES,BMI1,BMI2,FMA,LZCNT,PCLMUL,POPCNT VectorSize=256
// Job: .NET 6.0

OverheadJitting  1: 1 op, 135400.00 ns, 135.4000 us/op
WorkloadJitting  1: 1 op, 385407000.00 ns, 385.4070 ms/op

OverheadJitting  2: 1 op, 100.00 ns, 100.0000 ns/op
WorkloadJitting  2: 1 op, 1173800.00 ns, 1.1738 ms/op

OverheadJitting  3: 16 op, 145500.00 ns, 9.0938 us/op
WorkloadJitting  3: 16 op, 12177700.00 ns, 761.1063 us/op

WorkloadPilot    1: 16 op, 11542500.00 ns, 721.4063 us/op
WorkloadPilot    2: 32 op, 23754900.00 ns, 742.3406 us/op
WorkloadPilot    3: 64 op, 46415800.00 ns, 725.2469 us/op
WorkloadPilot    4: 128 op, 98351600.00 ns, 768.3719 us/op
WorkloadPilot    5: 256 op, 207057900.00 ns, 808.8199 us/op
WorkloadPilot    6: 512 op, 368860400.00 ns, 720.4305 us/op
WorkloadPilot    7: 1024 op, 696090300.00 ns, 679.7757 us/op

OverheadWarmup   1: 1024 op, 2900.00 ns, 2.8320 ns/op
OverheadWarmup   2: 1024 op, 2000.00 ns, 1.9531 ns/op
OverheadWarmup   3: 1024 op, 2000.00 ns, 1.9531 ns/op
OverheadWarmup   4: 1024 op, 2000.00 ns, 1.9531 ns/op
OverheadWarmup   5: 1024 op, 2100.00 ns, 2.0508 ns/op
OverheadWarmup   6: 1024 op, 2000.00 ns, 1.9531 ns/op

OverheadActual   1: 1024 op, 2000.00 ns, 1.9531 ns/op
OverheadActual   2: 1024 op, 2000.00 ns, 1.9531 ns/op
OverheadActual   3: 1024 op, 2000.00 ns, 1.9531 ns/op
OverheadActual   4: 1024 op, 2000.00 ns, 1.9531 ns/op
OverheadActual   5: 1024 op, 2000.00 ns, 1.9531 ns/op
OverheadActual   6: 1024 op, 2000.00 ns, 1.9531 ns/op
OverheadActual   7: 1024 op, 2000.00 ns, 1.9531 ns/op
OverheadActual   8: 1024 op, 2000.00 ns, 1.9531 ns/op
OverheadActual   9: 1024 op, 2000.00 ns, 1.9531 ns/op
OverheadActual  10: 1024 op, 2100.00 ns, 2.0508 ns/op
OverheadActual  11: 1024 op, 2500.00 ns, 2.4414 ns/op
OverheadActual  12: 1024 op, 2000.00 ns, 1.9531 ns/op
OverheadActual  13: 1024 op, 2000.00 ns, 1.9531 ns/op
OverheadActual  14: 1024 op, 2000.00 ns, 1.9531 ns/op
OverheadActual  15: 1024 op, 2000.00 ns, 1.9531 ns/op

WorkloadWarmup   1: 1024 op, 695517000.00 ns, 679.2158 us/op
WorkloadWarmup   2: 1024 op, 676936600.00 ns, 661.0709 us/op
WorkloadWarmup   3: 1024 op, 661422700.00 ns, 645.9206 us/op
WorkloadWarmup   4: 1024 op, 675291700.00 ns, 659.4646 us/op
WorkloadWarmup   5: 1024 op, 677467400.00 ns, 661.5893 us/op
WorkloadWarmup   6: 1024 op, 658049300.00 ns, 642.6263 us/op
WorkloadWarmup   7: 1024 op, 663627800.00 ns, 648.0740 us/op
WorkloadWarmup   8: 1024 op, 664034900.00 ns, 648.4716 us/op
WorkloadWarmup   9: 1024 op, 658626800.00 ns, 643.1902 us/op

// BeforeActualRun
WorkloadActual   1: 1024 op, 670847200.00 ns, 655.1242 us/op
WorkloadActual   2: 1024 op, 677681100.00 ns, 661.7979 us/op
WorkloadActual   3: 1024 op, 677990400.00 ns, 662.1000 us/op
WorkloadActual   4: 1024 op, 694669800.00 ns, 678.3885 us/op
WorkloadActual   5: 1024 op, 688790500.00 ns, 672.6470 us/op
WorkloadActual   6: 1024 op, 671886200.00 ns, 656.1389 us/op
WorkloadActual   7: 1024 op, 685399100.00 ns, 669.3351 us/op
WorkloadActual   8: 1024 op, 684493400.00 ns, 668.4506 us/op
WorkloadActual   9: 1024 op, 675491100.00 ns, 659.6593 us/op
WorkloadActual  10: 1024 op, 698592000.00 ns, 682.2188 us/op
WorkloadActual  11: 1024 op, 665508200.00 ns, 649.9104 us/op
WorkloadActual  12: 1024 op, 673728200.00 ns, 657.9377 us/op
WorkloadActual  13: 1024 op, 694019400.00 ns, 677.7533 us/op
WorkloadActual  14: 1024 op, 668290300.00 ns, 652.6272 us/op
WorkloadActual  15: 1024 op, 738076600.00 ns, 720.7779 us/op

// AfterActualRun
WorkloadResult   1: 1024 op, 670845200.00 ns, 655.1223 us/op
WorkloadResult   2: 1024 op, 677679100.00 ns, 661.7960 us/op
WorkloadResult   3: 1024 op, 677988400.00 ns, 662.0980 us/op
WorkloadResult   4: 1024 op, 694667800.00 ns, 678.3865 us/op
WorkloadResult   5: 1024 op, 688788500.00 ns, 672.6450 us/op
WorkloadResult   6: 1024 op, 671884200.00 ns, 656.1369 us/op
WorkloadResult   7: 1024 op, 685397100.00 ns, 669.3331 us/op
WorkloadResult   8: 1024 op, 684491400.00 ns, 668.4486 us/op
WorkloadResult   9: 1024 op, 675489100.00 ns, 659.6573 us/op
WorkloadResult  10: 1024 op, 698590000.00 ns, 682.2168 us/op
WorkloadResult  11: 1024 op, 665506200.00 ns, 649.9084 us/op
WorkloadResult  12: 1024 op, 673726200.00 ns, 657.9357 us/op
WorkloadResult  13: 1024 op, 694017400.00 ns, 677.7514 us/op
WorkloadResult  14: 1024 op, 668288300.00 ns, 652.6253 us/op
// GC:  5 2 0 73612504 1024
// Threading:  1024 0 1024
// Exceptions:  2

// AfterAll
// Benchmark Process 57008 has exited with code 0.

Mean = 664.576 μs, StdErr = 2.753 μs (0.41%), N = 14, StdDev = 10.299 μs
Min = 649.908 μs, Q1 = 656.587 μs, Median = 661.947 μs, Q3 = 671.817 μs, Max = 682.217 μs
IQR = 15.230 μs, LowerFence = 633.741 μs, UpperFence = 694.663 μs
ConfidenceInterval = [652.958 μs; 676.194 μs] (CI 99.9%), Margin = 11.618 μs (1.75% of Mean)
Skewness = 0.28, Kurtosis = 1.59, MValue = 2

// ** Remained 40 (95.2%) benchmark(s) to run. Estimated finish 2026-08-18 15:25 (0h 6m from now) **
Setup power plan (GUID: 8c5e7fda-e8bf-4a96-9a85-a6e23a8c635c FriendlyName: High performance)
// **************************
// Benchmark: ConnectionBenchmarks.TcpConn: .NET 8.0(Runtime=.NET 8.0)
// *** Execute ***
// Launch: 1 / 1
// Execute: dotnet 3c452962-e736-4ea3-adfd-9cff5d26791c.dll --anonymousPipes 2440 4320 --benchmarkName ServiceWire.Benchmarks.ConnectionBenchmarks.TcpConn --job ".NET 8.0" --benchmarkId 0 in d:\code\Github\ServiceWire\src\Benchmarks\ServiceWire.Benchmarks\bin\Release\net8.0\3c452962-e736-4ea3-adfd-9cff5d26791c\bin\Release\net8.0
// BeforeAnythingElse

// Benchmark Process Environment Information:
// BenchmarkDotNet v0.14.0
// Runtime=.NET 8.0.30 (8.0.3026.36720), X64 RyuJIT AVX2
// GC=Concurrent Workstation
// HardwareIntrinsics=AVX2,AES,BMI1,BMI2,FMA,LZCNT,PCLMUL,POPCNT VectorSize=256
// Job: .NET 8.0

OverheadJitting  1: 1 op, 137700.00 ns, 137.7000 us/op

System.Reflection.TargetInvocationException: Exception has been thrown by the target of an invocation.
 ---> System.Net.Sockets.SocketException (10048): Only one usage of each socket address (protocol/network address/port) is normally permitted.
   at System.Net.Sockets.Socket.UpdateStatusAfterSocketErrorAndThrowException(SocketError error, Boolean disconnectOnFailure, String callerName)
   at System.Net.Sockets.Socket.DoBind(EndPoint endPointSnapshot, SocketAddress socketAddress)
   at System.Net.Sockets.Socket.Bind(EndPoint localEP)
   at ServiceWire.TcpIp.TcpHost.StartListener() in d:\code\Github\ServiceWire\src\ServiceWire\TcpIp\TcpHost.cs:line 84
   at ServiceWire.Host.Open() in d:\code\Github\ServiceWire\src\ServiceWire\Host.cs:line 261
   at ServiceWire.Benchmarks.ConnectionBenchmarks.TcpConn() in D:\code\Github\ServiceWire\src\Benchmarks\ServiceWire.Benchmarks\ConnectionBenchmarks.cs:line 48
   at BenchmarkDotNet.Autogenerated.Runnable_0.WorkloadActionNoUnroll(Int64 invokeCount) in d:\code\Github\ServiceWire\src\Benchmarks\ServiceWire.Benchmarks\bin\Release\net8.0\3c452962-e736-4ea3-adfd-9cff5d26791c\3c452962-e736-4ea3-adfd-9cff5d26791c.notcs:line 311
   at BenchmarkDotNet.Engines.Engine.Measure(Action`1 action, Int64 invokeCount)
   at BenchmarkDotNet.Engines.Engine.RunIteration(IterationData data)
   at BenchmarkDotNet.Engines.EngineFactory.Jit(Engine engine, Int32 jitIndex, Int32 invokeCount, Int32 unrollFactor)
   at BenchmarkDotNet.Engines.EngineFactory.CreateReadyToRun(EngineParameters engineParameters)
   at BenchmarkDotNet.Autogenerated.Runnable_0.Run(IHost host, String benchmarkName) in d:\code\Github\ServiceWire\src\Benchmarks\ServiceWire.Benchmarks\bin\Release\net8.0\3c452962-e736-4ea3-adfd-9cff5d26791c\3c452962-e736-4ea3-adfd-9cff5d26791c.notcs:line 176
   at System.RuntimeMethodHandle.InvokeMethod(Object target, Void** arguments, Signature sig, Boolean isConstructor)
   at System.Reflection.MethodBaseInvoker.InvokeDirectByRefWithFewArgs(Object obj, Span`1 copyOfArgs, BindingFlags invokeAttr)
   --- End of inner exception stack trace ---
   at System.Reflection.MethodBaseInvoker.InvokeDirectByRefWithFewArgs(Object obj, Span`1 copyOfArgs, BindingFlags invokeAttr)
   at System.Reflection.MethodBaseInvoker.InvokeWithFewArgs(Object obj, BindingFlags invokeAttr, Binder binder, Object[] parameters, CultureInfo culture)
   at System.Reflection.MethodBase.Invoke(Object obj, Object[] parameters)
   at BenchmarkDotNet.Autogenerated.UniqueProgramName.AfterAssemblyLoadingAttached(String[] args) in d:\code\Github\ServiceWire\src\Benchmarks\ServiceWire.Benchmarks\bin\Release\net8.0\3c452962-e736-4ea3-adfd-9cff5d26791c\3c452962-e736-4ea3-adfd-9cff5d26791c.notcs:line 57
// AfterAll
No Workload Results were obtained from the run.
// Benchmark Process 31180 has exited with code -1.

// ** Remained 39 (92.9%) benchmark(s) to run. Estimated finish 2026-08-18 15:23 (0h 4m from now) **
Setup power plan (GUID: 8c5e7fda-e8bf-4a96-9a85-a6e23a8c635c FriendlyName: High performance)
// **************************
// Benchmark: ConnectionBenchmarks.NpConn: .NET 8.0(Runtime=.NET 8.0)
// *** Execute ***
// Launch: 1 / 1
// Execute: dotnet 3c452962-e736-4ea3-adfd-9cff5d26791c.dll --anonymousPipes 4320 4300 --benchmarkName ServiceWire.Benchmarks.ConnectionBenchmarks.NpConn --job ".NET 8.0" --benchmarkId 1 in d:\code\Github\ServiceWire\src\Benchmarks\ServiceWire.Benchmarks\bin\Release\net8.0\3c452962-e736-4ea3-adfd-9cff5d26791c\bin\Release\net8.0
// BeforeAnythingElse

// Benchmark Process Environment Information:
// BenchmarkDotNet v0.14.0
// Runtime=.NET 8.0.30 (8.0.3026.36720), X64 RyuJIT AVX2
// GC=Concurrent Workstation
// HardwareIntrinsics=AVX2,AES,BMI1,BMI2,FMA,LZCNT,PCLMUL,POPCNT VectorSize=256
// Job: .NET 8.0

OverheadJitting  1: 1 op, 154600.00 ns, 154.6000 us/op
WorkloadJitting  1: 1 op, 62936300.00 ns, 62.9363 ms/op

WorkloadPilot    1: 2 op, 2129400.00 ns, 1.0647 ms/op
WorkloadPilot    2: 3 op, 2300900.00 ns, 766.9667 us/op
WorkloadPilot    3: 4 op, 3170200.00 ns, 792.5500 us/op
WorkloadPilot    4: 5 op, 3946200.00 ns, 789.2400 us/op
WorkloadPilot    5: 6 op, 4714800.00 ns, 785.8000 us/op
WorkloadPilot    6: 7 op, 5359000.00 ns, 765.5714 us/op
WorkloadPilot    7: 8 op, 5633600.00 ns, 704.2000 us/op
WorkloadPilot    8: 9 op, 6400400.00 ns, 711.1556 us/op
WorkloadPilot    9: 10 op, 7197500.00 ns, 719.7500 us/op
WorkloadPilot   10: 11 op, 8147700.00 ns, 740.7000 us/op
WorkloadPilot   11: 12 op, 8998900.00 ns, 749.9083 us/op
WorkloadPilot   12: 13 op, 9688800.00 ns, 745.2923 us/op
WorkloadPilot   13: 14 op, 10638900.00 ns, 759.9214 us/op
WorkloadPilot   14: 15 op, 11085800.00 ns, 739.0533 us/op
WorkloadPilot   15: 16 op, 11847800.00 ns, 740.4875 us/op
WorkloadPilot   16: 32 op, 23392500.00 ns, 731.0156 us/op
WorkloadPilot   17: 64 op, 47118200.00 ns, 736.2219 us/op
WorkloadPilot   18: 128 op, 100253200.00 ns, 783.2281 us/op
WorkloadPilot   19: 256 op, 192327800.00 ns, 751.2805 us/op
WorkloadPilot   20: 512 op, 376973500.00 ns, 736.2764 us/op
WorkloadPilot   21: 1024 op, 761179600.00 ns, 743.3395 us/op

WorkloadWarmup   1: 1024 op, 705608500.00 ns, 689.0708 us/op
WorkloadWarmup   2: 1024 op, 698664200.00 ns, 682.2893 us/op
WorkloadWarmup   3: 1024 op, 633911700.00 ns, 619.0544 us/op
WorkloadWarmup   4: 1024 op, 619861400.00 ns, 605.3334 us/op
WorkloadWarmup   5: 1024 op, 626159700.00 ns, 611.4841 us/op
WorkloadWarmup   6: 1024 op, 631461300.00 ns, 616.6614 us/op
WorkloadWarmup   7: 1024 op, 633518500.00 ns, 618.6704 us/op
WorkloadWarmup   8: 1024 op, 633954600.00 ns, 619.0963 us/op
WorkloadWarmup   9: 1024 op, 630481800.00 ns, 615.7049 us/op
WorkloadWarmup  10: 1024 op, 618176300.00 ns, 603.6878 us/op
WorkloadWarmup  11: 1024 op, 626932300.00 ns, 612.2386 us/op
WorkloadWarmup  12: 1024 op, 706932500.00 ns, 690.3638 us/op
WorkloadWarmup  13: 1024 op, 621362500.00 ns, 606.7993 us/op

// BeforeActualRun
WorkloadActual   1: 1024 op, 623428200.00 ns, 608.8166 us/op
WorkloadActual   2: 1024 op, 623155900.00 ns, 608.5507 us/op
WorkloadActual   3: 1024 op, 646016000.00 ns, 630.8750 us/op
WorkloadActual   4: 1024 op, 638390100.00 ns, 623.4278 us/op
WorkloadActual   5: 1024 op, 684139400.00 ns, 668.1049 us/op
WorkloadActual   6: 1024 op, 628518700.00 ns, 613.7878 us/op
WorkloadActual   7: 1024 op, 624962600.00 ns, 610.3150 us/op
WorkloadActual   8: 1024 op, 628246100.00 ns, 613.5216 us/op
WorkloadActual   9: 1024 op, 639178900.00 ns, 624.1981 us/op
WorkloadActual  10: 1024 op, 636641500.00 ns, 621.7202 us/op
WorkloadActual  11: 1024 op, 640530600.00 ns, 625.5182 us/op
WorkloadActual  12: 1024 op, 640667700.00 ns, 625.6521 us/op
WorkloadActual  13: 1024 op, 694750600.00 ns, 678.4674 us/op
WorkloadActual  14: 1024 op, 641973400.00 ns, 626.9271 us/op
WorkloadActual  15: 1024 op, 647775500.00 ns, 632.5933 us/op

// AfterActualRun
WorkloadResult   1: 1024 op, 623428200.00 ns, 608.8166 us/op
WorkloadResult   2: 1024 op, 623155900.00 ns, 608.5507 us/op
WorkloadResult   3: 1024 op, 646016000.00 ns, 630.8750 us/op
WorkloadResult   4: 1024 op, 638390100.00 ns, 623.4278 us/op
WorkloadResult   5: 1024 op, 628518700.00 ns, 613.7878 us/op
WorkloadResult   6: 1024 op, 624962600.00 ns, 610.3150 us/op
WorkloadResult   7: 1024 op, 628246100.00 ns, 613.5216 us/op
WorkloadResult   8: 1024 op, 639178900.00 ns, 624.1981 us/op
WorkloadResult   9: 1024 op, 636641500.00 ns, 621.7202 us/op
WorkloadResult  10: 1024 op, 640530600.00 ns, 625.5182 us/op
WorkloadResult  11: 1024 op, 640667700.00 ns, 625.6521 us/op
WorkloadResult  12: 1024 op, 641973400.00 ns, 626.9271 us/op
WorkloadResult  13: 1024 op, 647775500.00 ns, 632.5933 us/op
// GC:  5 0 0 72822256 1024
// Threading:  1024 0 1024
// Exceptions:  2

// AfterAll
// Benchmark Process 55328 has exited with code 0.

Mean = 620.454 μs, StdErr = 2.331 μs (0.38%), N = 13, StdDev = 8.403 μs
Min = 608.551 μs, Q1 = 613.522 μs, Median = 623.428 μs, Q3 = 625.652 μs, Max = 632.593 μs
IQR = 12.130 μs, LowerFence = 595.326 μs, UpperFence = 643.848 μs
ConfidenceInterval = [610.391 μs; 630.518 μs] (CI 99.9%), Margin = 10.063 μs (1.62% of Mean)
Skewness = -0.18, Kurtosis = 1.39, MValue = 2

// ** Remained 38 (90.5%) benchmark(s) to run. Estimated finish 2026-08-18 15:25 (0h 6m from now) **
Setup power plan (GUID: 8c5e7fda-e8bf-4a96-9a85-a6e23a8c635c FriendlyName: High performance)
// **************************
// Benchmark: ConnectionBenchmarks.TcpConn: .NET Framework 4.8(Runtime=.NET Framework 4.8)
// *** Execute ***
// Launch: 1 / 1
// Execute: d:\code\Github\ServiceWire\src\Benchmarks\ServiceWire.Benchmarks\bin\Release\net8.0\eb0bd6a4-2dc9-4e41-9693-a66a443f1184\bin\Release\net48\eb0bd6a4-2dc9-4e41-9693-a66a443f1184.exe --anonymousPipes 2184 4092 --benchmarkName ServiceWire.Benchmarks.ConnectionBenchmarks.TcpConn --job ".NET Framework 4.8" --benchmarkId 0 in 
// BeforeAnythingElse

System.BadImageFormatException: Could not load file or assembly 'ServiceWire.Benchmarks, Version=1.0.0.0, Culture=neutral, PublicKeyToken=null' or one of its dependencies. An attempt was made to load a program with an incorrect format.
File name: 'ServiceWire.Benchmarks, Version=1.0.0.0, Culture=neutral, PublicKeyToken=null'
   at System.Reflection.RuntimeAssembly.GetType(RuntimeAssembly assembly, String name, Boolean throwOnError, Boolean ignoreCase, ObjectHandleOnStack type)
   at System.Reflection.RuntimeAssembly.GetType(String name, Boolean throwOnError, Boolean ignoreCase)
   at BenchmarkDotNet.Autogenerated.UniqueProgramName.AfterAssemblyLoadingAttached(String[] args) in d:\code\Github\ServiceWire\src\Benchmarks\ServiceWire.Benchmarks\bin\Release\net8.0\eb0bd6a4-2dc9-4e41-9693-a66a443f1184\eb0bd6a4-2dc9-4e41-9693-a66a443f1184.notcs:line 57

WRN: Assembly binding logging is turned OFF.
To enable assembly bind failure logging, set the registry value [HKLM\Software\Microsoft\Fusion!EnableLog] (DWORD) to 1.
Note: There is some performance penalty associated with assembly bind failure logging.
To turn this feature off, remove the registry value [HKLM\Software\Microsoft\Fusion!EnableLog].

// AfterAll
You are probably missing <PlatformTarget>AnyCPU</PlatformTarget> in your .csproj file.
No Workload Results were obtained from the run.
// Benchmark Process 62544 has exited with code -1.

// ** Remained 37 (88.1%) benchmark(s) to run. Estimated finish 2026-08-18 15:24 (0h 5m from now) **
Setup power plan (GUID: 8c5e7fda-e8bf-4a96-9a85-a6e23a8c635c FriendlyName: High performance)
// **************************
// Benchmark: ConnectionBenchmarks.NpConn: .NET Framework 4.8(Runtime=.NET Framework 4.8)
// *** Execute ***
// Launch: 1 / 1
// Execute: d:\code\Github\ServiceWire\src\Benchmarks\ServiceWire.Benchmarks\bin\Release\net8.0\eb0bd6a4-2dc9-4e41-9693-a66a443f1184\bin\Release\net48\eb0bd6a4-2dc9-4e41-9693-a66a443f1184.exe --anonymousPipes 2308 4824 --benchmarkName ServiceWire.Benchmarks.ConnectionBenchmarks.NpConn --job ".NET Framework 4.8" --benchmarkId 1 in 
// BeforeAnythingElse

System.BadImageFormatException: Could not load file or assembly 'ServiceWire.Benchmarks, Version=1.0.0.0, Culture=neutral, PublicKeyToken=null' or one of its dependencies. An attempt was made to load a program with an incorrect format.
File name: 'ServiceWire.Benchmarks, Version=1.0.0.0, Culture=neutral, PublicKeyToken=null'
   at System.Reflection.RuntimeAssembly.GetType(RuntimeAssembly assembly, String name, Boolean throwOnError, Boolean ignoreCase, ObjectHandleOnStack type)
   at System.Reflection.RuntimeAssembly.GetType(String name, Boolean throwOnError, Boolean ignoreCase)
   at BenchmarkDotNet.Autogenerated.UniqueProgramName.AfterAssemblyLoadingAttached(String[] args) in d:\code\Github\ServiceWire\src\Benchmarks\ServiceWire.Benchmarks\bin\Release\net8.0\eb0bd6a4-2dc9-4e41-9693-a66a443f1184\eb0bd6a4-2dc9-4e41-9693-a66a443f1184.notcs:line 57

WRN: Assembly binding logging is turned OFF.
To enable assembly bind failure logging, set the registry value [HKLM\Software\Microsoft\Fusion!EnableLog] (DWORD) to 1.
Note: There is some performance penalty associated with assembly bind failure logging.
To turn this feature off, remove the registry value [HKLM\Software\Microsoft\Fusion!EnableLog].

// AfterAll
You are probably missing <PlatformTarget>AnyCPU</PlatformTarget> in your .csproj file.
No Workload Results were obtained from the run.
// Benchmark Process 17452 has exited with code -1.

// ** Remained 36 (85.7%) benchmark(s) to run. Estimated finish 2026-08-18 15:23 (0h 4m from now) **
Successfully reverted power plan (GUID: 8c5e7fda-e8bf-4a96-9a85-a6e23a8c635c FriendlyName: High performance)
Run time: 00:00:42 (42.57 sec), executed benchmarks: 6

// Found 18 benchmarks:
//   NamedPipesBenchmarks.NpSim: .NET 6.0(Runtime=.NET 6.0)
//   NamedPipesBenchmarks.NpSimJson: .NET 6.0(Runtime=.NET 6.0)
//   NamedPipesBenchmarks.NpRg: .NET 6.0(Runtime=.NET 6.0)
//   NamedPipesBenchmarks.NpRgJson: .NET 6.0(Runtime=.NET 6.0)
//   NamedPipesBenchmarks.NpCxOut: .NET 6.0(Runtime=.NET 6.0)
//   NamedPipesBenchmarks.NpCxOutJson: .NET 6.0(Runtime=.NET 6.0)
//   NamedPipesBenchmarks.NpSim: .NET 8.0(Runtime=.NET 8.0)
//   NamedPipesBenchmarks.NpSimJson: .NET 8.0(Runtime=.NET 8.0)
//   NamedPipesBenchmarks.NpRg: .NET 8.0(Runtime=.NET 8.0)
//   NamedPipesBenchmarks.NpRgJson: .NET 8.0(Runtime=.NET 8.0)
//   NamedPipesBenchmarks.NpCxOut: .NET 8.0(Runtime=.NET 8.0)
//   NamedPipesBenchmarks.NpCxOutJson: .NET 8.0(Runtime=.NET 8.0)
//   NamedPipesBenchmarks.NpSim: .NET Framework 4.8(Runtime=.NET Framework 4.8)
//   NamedPipesBenchmarks.NpSimJson: .NET Framework 4.8(Runtime=.NET Framework 4.8)
//   NamedPipesBenchmarks.NpRg: .NET Framework 4.8(Runtime=.NET Framework 4.8)
//   NamedPipesBenchmarks.NpRgJson: .NET Framework 4.8(Runtime=.NET Framework 4.8)
//   NamedPipesBenchmarks.NpCxOut: .NET Framework 4.8(Runtime=.NET Framework 4.8)
//   NamedPipesBenchmarks.NpCxOutJson: .NET Framework 4.8(Runtime=.NET Framework 4.8)

Setup power plan (GUID: 8c5e7fda-e8bf-4a96-9a85-a6e23a8c635c FriendlyName: High performance)
// **************************
// Benchmark: NamedPipesBenchmarks.NpSim: .NET 6.0(Runtime=.NET 6.0)
// *** Execute ***
// Launch: 1 / 1
// Execute: dotnet 28b8886a-3d8c-41cc-bc62-dd7109f66270.dll --anonymousPipes 2904 2568 --benchmarkName ServiceWire.Benchmarks.NamedPipesBenchmarks.NpSim --job ".NET 6.0" --benchmarkId 2 in d:\code\Github\ServiceWire\src\Benchmarks\ServiceWire.Benchmarks\bin\Release\net8.0\28b8886a-3d8c-41cc-bc62-dd7109f66270\bin\Release\net6.0
// BeforeAnythingElse

// Benchmark Process Environment Information:
// BenchmarkDotNet v0.14.0
// Runtime=.NET 6.0.36 (6.0.3624.51421), X64 RyuJIT AVX2
// GC=Concurrent Workstation
// HardwareIntrinsics=AVX2,AES,BMI1,BMI2,FMA,LZCNT,PCLMUL,POPCNT VectorSize=256
// Job: .NET 6.0

OverheadJitting  1: 1 op, 156700.00 ns, 156.7000 us/op
WorkloadJitting  1: 1 op, 13395900.00 ns, 13.3959 ms/op

OverheadJitting  2: 16 op, 137700.00 ns, 8.6063 us/op
WorkloadJitting  2: 16 op, 565300.00 ns, 35.3313 us/op

WorkloadPilot    1: 16 op, 323100.00 ns, 20.1938 us/op
WorkloadPilot    2: 32 op, 600200.00 ns, 18.7563 us/op
WorkloadPilot    3: 64 op, 1092800.00 ns, 17.0750 us/op
WorkloadPilot    4: 128 op, 2264000.00 ns, 17.6875 us/op
WorkloadPilot    5: 256 op, 4023500.00 ns, 15.7168 us/op
WorkloadPilot    6: 512 op, 7878400.00 ns, 15.3875 us/op
WorkloadPilot    7: 1024 op, 17120500.00 ns, 16.7192 us/op
WorkloadPilot    8: 2048 op, 33706100.00 ns, 16.4581 us/op
WorkloadPilot    9: 4096 op, 71771700.00 ns, 17.5224 us/op
WorkloadPilot   10: 8192 op, 131888800.00 ns, 16.0997 us/op
WorkloadPilot   11: 16384 op, 256758500.00 ns, 15.6713 us/op
WorkloadPilot   12: 32768 op, 499555100.00 ns, 15.2452 us/op
WorkloadPilot   13: 65536 op, 934140200.00 ns, 14.2538 us/op

OverheadWarmup   1: 65536 op, 95300.00 ns, 1.4542 ns/op
OverheadWarmup   2: 65536 op, 101100.00 ns, 1.5427 ns/op
OverheadWarmup   3: 65536 op, 96500.00 ns, 1.4725 ns/op
OverheadWarmup   4: 65536 op, 99700.00 ns, 1.5213 ns/op
OverheadWarmup   5: 65536 op, 95100.00 ns, 1.4511 ns/op

OverheadActual   1: 65536 op, 94300.00 ns, 1.4389 ns/op
OverheadActual   2: 65536 op, 100400.00 ns, 1.5320 ns/op
OverheadActual   3: 65536 op, 94800.00 ns, 1.4465 ns/op
OverheadActual   4: 65536 op, 118600.00 ns, 1.8097 ns/op
OverheadActual   5: 65536 op, 105600.00 ns, 1.6113 ns/op
OverheadActual   6: 65536 op, 94400.00 ns, 1.4404 ns/op
OverheadActual   7: 65536 op, 99300.00 ns, 1.5152 ns/op
OverheadActual   8: 65536 op, 95900.00 ns, 1.4633 ns/op
OverheadActual   9: 65536 op, 99300.00 ns, 1.5152 ns/op
OverheadActual  10: 65536 op, 108800.00 ns, 1.6602 ns/op
OverheadActual  11: 65536 op, 106900.00 ns, 1.6312 ns/op
OverheadActual  12: 65536 op, 103500.00 ns, 1.5793 ns/op
OverheadActual  13: 65536 op, 109000.00 ns, 1.6632 ns/op
OverheadActual  14: 65536 op, 109300.00 ns, 1.6678 ns/op
OverheadActual  15: 65536 op, 100800.00 ns, 1.5381 ns/op
OverheadActual  16: 65536 op, 107700.00 ns, 1.6434 ns/op
OverheadActual  17: 65536 op, 107600.00 ns, 1.6418 ns/op
OverheadActual  18: 65536 op, 106000.00 ns, 1.6174 ns/op
OverheadActual  19: 65536 op, 118500.00 ns, 1.8082 ns/op
OverheadActual  20: 65536 op, 94600.00 ns, 1.4435 ns/op

WorkloadWarmup   1: 65536 op, 999873500.00 ns, 15.2569 us/op
WorkloadWarmup   2: 65536 op, 924630500.00 ns, 14.1087 us/op
WorkloadWarmup   3: 65536 op, 950584400.00 ns, 14.5048 us/op
WorkloadWarmup   4: 65536 op, 937439300.00 ns, 14.3042 us/op
WorkloadWarmup   5: 65536 op, 989610300.00 ns, 15.1003 us/op
WorkloadWarmup   6: 65536 op, 1037361100.00 ns, 15.8289 us/op
WorkloadWarmup   7: 65536 op, 1042550200.00 ns, 15.9081 us/op
WorkloadWarmup   8: 65536 op, 1021887900.00 ns, 15.5928 us/op

// BeforeActualRun
WorkloadActual   1: 65536 op, 991864100.00 ns, 15.1346 us/op
WorkloadActual   2: 65536 op, 1029686100.00 ns, 15.7118 us/op
WorkloadActual   3: 65536 op, 1050202000.00 ns, 16.0248 us/op
WorkloadActual   4: 65536 op, 1045481400.00 ns, 15.9528 us/op
WorkloadActual   5: 65536 op, 1051327500.00 ns, 16.0420 us/op
WorkloadActual   6: 65536 op, 937469600.00 ns, 14.3047 us/op
WorkloadActual   7: 65536 op, 927523200.00 ns, 14.1529 us/op
WorkloadActual   8: 65536 op, 968007000.00 ns, 14.7706 us/op
WorkloadActual   9: 65536 op, 938969300.00 ns, 14.3275 us/op
WorkloadActual  10: 65536 op, 952144300.00 ns, 14.5286 us/op
WorkloadActual  11: 65536 op, 979341700.00 ns, 14.9436 us/op
WorkloadActual  12: 65536 op, 1021286300.00 ns, 15.5836 us/op
WorkloadActual  13: 65536 op, 1016389900.00 ns, 15.5089 us/op
WorkloadActual  14: 65536 op, 907769800.00 ns, 13.8515 us/op
WorkloadActual  15: 65536 op, 1039270200.00 ns, 15.8580 us/op
WorkloadActual  16: 65536 op, 1038621900.00 ns, 15.8481 us/op
WorkloadActual  17: 65536 op, 1033466100.00 ns, 15.7694 us/op
WorkloadActual  18: 65536 op, 1036911000.00 ns, 15.8220 us/op
WorkloadActual  19: 65536 op, 1045346000.00 ns, 15.9507 us/op
WorkloadActual  20: 65536 op, 1041013300.00 ns, 15.8846 us/op
WorkloadActual  21: 65536 op, 1036755600.00 ns, 15.8196 us/op
WorkloadActual  22: 65536 op, 1020168600.00 ns, 15.5665 us/op
WorkloadActual  23: 65536 op, 1029352300.00 ns, 15.7067 us/op
WorkloadActual  24: 65536 op, 916566300.00 ns, 13.9857 us/op
WorkloadActual  25: 65536 op, 855919400.00 ns, 13.0603 us/op
WorkloadActual  26: 65536 op, 962265300.00 ns, 14.6830 us/op
WorkloadActual  27: 65536 op, 892235700.00 ns, 13.6144 us/op
WorkloadActual  28: 65536 op, 1006767200.00 ns, 15.3620 us/op
WorkloadActual  29: 65536 op, 1014454400.00 ns, 15.4793 us/op
WorkloadActual  30: 65536 op, 1006490200.00 ns, 15.3578 us/op
WorkloadActual  31: 65536 op, 1011495600.00 ns, 15.4342 us/op
WorkloadActual  32: 65536 op, 1049064400.00 ns, 16.0075 us/op
WorkloadActual  33: 65536 op, 1002663200.00 ns, 15.2994 us/op
WorkloadActual  34: 65536 op, 955558100.00 ns, 14.5807 us/op
WorkloadActual  35: 65536 op, 1008280300.00 ns, 15.3851 us/op
WorkloadActual  36: 65536 op, 1018571400.00 ns, 15.5422 us/op
WorkloadActual  37: 65536 op, 995224200.00 ns, 15.1859 us/op
WorkloadActual  38: 65536 op, 1015186900.00 ns, 15.4905 us/op
WorkloadActual  39: 65536 op, 1024869700.00 ns, 15.6383 us/op
WorkloadActual  40: 65536 op, 933457100.00 ns, 14.2434 us/op
WorkloadActual  41: 65536 op, 941314200.00 ns, 14.3633 us/op
WorkloadActual  42: 65536 op, 1054200600.00 ns, 16.0858 us/op
WorkloadActual  43: 65536 op, 1044023600.00 ns, 15.9305 us/op
WorkloadActual  44: 65536 op, 907353800.00 ns, 13.8451 us/op
WorkloadActual  45: 65536 op, 905969700.00 ns, 13.8240 us/op
WorkloadActual  46: 65536 op, 816335700.00 ns, 12.4563 us/op
WorkloadActual  47: 65536 op, 883930400.00 ns, 13.4877 us/op
WorkloadActual  48: 65536 op, 1026107400.00 ns, 15.6572 us/op
WorkloadActual  49: 65536 op, 911796500.00 ns, 13.9129 us/op
WorkloadActual  50: 65536 op, 1026501400.00 ns, 15.6632 us/op
WorkloadActual  51: 65536 op, 1017450100.00 ns, 15.5251 us/op
WorkloadActual  52: 65536 op, 969306600.00 ns, 14.7904 us/op
WorkloadActual  53: 65536 op, 898785300.00 ns, 13.7144 us/op
WorkloadActual  54: 65536 op, 910402800.00 ns, 13.8916 us/op
WorkloadActual  55: 65536 op, 916072400.00 ns, 13.9782 us/op
WorkloadActual  56: 65536 op, 944648200.00 ns, 14.4142 us/op
WorkloadActual  57: 65536 op, 998782900.00 ns, 15.2402 us/op
WorkloadActual  58: 65536 op, 1016114700.00 ns, 15.5047 us/op
WorkloadActual  59: 65536 op, 1006714100.00 ns, 15.3612 us/op
WorkloadActual  60: 65536 op, 990511800.00 ns, 15.1140 us/op
WorkloadActual  61: 65536 op, 999205800.00 ns, 15.2467 us/op
WorkloadActual  62: 65536 op, 1012728200.00 ns, 15.4530 us/op
WorkloadActual  63: 65536 op, 1007756700.00 ns, 15.3771 us/op
WorkloadActual  64: 65536 op, 1025803300.00 ns, 15.6525 us/op
WorkloadActual  65: 65536 op, 1042705000.00 ns, 15.9104 us/op
WorkloadActual  66: 65536 op, 1046232500.00 ns, 15.9642 us/op
WorkloadActual  67: 65536 op, 963915300.00 ns, 14.7082 us/op
WorkloadActual  68: 65536 op, 1022672500.00 ns, 15.6047 us/op
WorkloadActual  69: 65536 op, 1024596800.00 ns, 15.6341 us/op
WorkloadActual  70: 65536 op, 1008888000.00 ns, 15.3944 us/op
WorkloadActual  71: 65536 op, 920241000.00 ns, 14.0418 us/op
WorkloadActual  72: 65536 op, 898211900.00 ns, 13.7056 us/op
WorkloadActual  73: 65536 op, 975363900.00 ns, 14.8829 us/op
WorkloadActual  74: 65536 op, 831206400.00 ns, 12.6832 us/op
WorkloadActual  75: 65536 op, 823062400.00 ns, 12.5589 us/op
WorkloadActual  76: 65536 op, 828701200.00 ns, 12.6450 us/op
WorkloadActual  77: 65536 op, 896426400.00 ns, 13.6784 us/op
WorkloadActual  78: 65536 op, 948824600.00 ns, 14.4779 us/op
WorkloadActual  79: 65536 op, 999349300.00 ns, 15.2489 us/op
WorkloadActual  80: 65536 op, 1006942600.00 ns, 15.3647 us/op
WorkloadActual  81: 65536 op, 995271500.00 ns, 15.1866 us/op
WorkloadActual  82: 65536 op, 989729300.00 ns, 15.1021 us/op
WorkloadActual  83: 65536 op, 935459200.00 ns, 14.2740 us/op
WorkloadActual  84: 65536 op, 995970700.00 ns, 15.1973 us/op
WorkloadActual  85: 65536 op, 1003961700.00 ns, 15.3192 us/op
WorkloadActual  86: 65536 op, 1035781700.00 ns, 15.8048 us/op
WorkloadActual  87: 65536 op, 1004801200.00 ns, 15.3320 us/op
WorkloadActual  88: 65536 op, 952402700.00 ns, 14.5325 us/op
WorkloadActual  89: 65536 op, 971709900.00 ns, 14.8271 us/op
WorkloadActual  90: 65536 op, 872348800.00 ns, 13.3110 us/op
WorkloadActual  91: 65536 op, 1025584700.00 ns, 15.6492 us/op
WorkloadActual  92: 65536 op, 1027189200.00 ns, 15.6737 us/op
WorkloadActual  93: 65536 op, 989703700.00 ns, 15.1017 us/op
WorkloadActual  94: 65536 op, 964290100.00 ns, 14.7139 us/op
WorkloadActual  95: 65536 op, 1014406300.00 ns, 15.4786 us/op
WorkloadActual  96: 65536 op, 994862000.00 ns, 15.1804 us/op
WorkloadActual  97: 65536 op, 940070900.00 ns, 14.3443 us/op
WorkloadActual  98: 65536 op, 994500200.00 ns, 15.1749 us/op
WorkloadActual  99: 65536 op, 975973200.00 ns, 14.8922 us/op
WorkloadActual  100: 65536 op, 935426800.00 ns, 14.2735 us/op

// AfterActualRun
WorkloadResult   1: 65536 op, 991759550.00 ns, 15.1330 us/op
WorkloadResult   2: 65536 op, 1029581550.00 ns, 15.7102 us/op
WorkloadResult   3: 65536 op, 1050097450.00 ns, 16.0232 us/op
WorkloadResult   4: 65536 op, 1045376850.00 ns, 15.9512 us/op
WorkloadResult   5: 65536 op, 1051222950.00 ns, 16.0404 us/op
WorkloadResult   6: 65536 op, 937365050.00 ns, 14.3031 us/op
WorkloadResult   7: 65536 op, 927418650.00 ns, 14.1513 us/op
WorkloadResult   8: 65536 op, 967902450.00 ns, 14.7690 us/op
WorkloadResult   9: 65536 op, 938864750.00 ns, 14.3259 us/op
WorkloadResult  10: 65536 op, 952039750.00 ns, 14.5270 us/op
WorkloadResult  11: 65536 op, 979237150.00 ns, 14.9420 us/op
WorkloadResult  12: 65536 op, 1021181750.00 ns, 15.5820 us/op
WorkloadResult  13: 65536 op, 1016285350.00 ns, 15.5073 us/op
WorkloadResult  14: 65536 op, 907665250.00 ns, 13.8499 us/op
WorkloadResult  15: 65536 op, 1039165650.00 ns, 15.8564 us/op
WorkloadResult  16: 65536 op, 1038517350.00 ns, 15.8465 us/op
WorkloadResult  17: 65536 op, 1033361550.00 ns, 15.7678 us/op
WorkloadResult  18: 65536 op, 1036806450.00 ns, 15.8204 us/op
WorkloadResult  19: 65536 op, 1045241450.00 ns, 15.9491 us/op
WorkloadResult  20: 65536 op, 1040908750.00 ns, 15.8830 us/op
WorkloadResult  21: 65536 op, 1036651050.00 ns, 15.8180 us/op
WorkloadResult  22: 65536 op, 1020064050.00 ns, 15.5649 us/op
WorkloadResult  23: 65536 op, 1029247750.00 ns, 15.7051 us/op
WorkloadResult  24: 65536 op, 916461750.00 ns, 13.9841 us/op
WorkloadResult  25: 65536 op, 855814850.00 ns, 13.0587 us/op
WorkloadResult  26: 65536 op, 962160750.00 ns, 14.6814 us/op
WorkloadResult  27: 65536 op, 892131150.00 ns, 13.6128 us/op
WorkloadResult  28: 65536 op, 1006662650.00 ns, 15.3605 us/op
WorkloadResult  29: 65536 op, 1014349850.00 ns, 15.4778 us/op
WorkloadResult  30: 65536 op, 1006385650.00 ns, 15.3562 us/op
WorkloadResult  31: 65536 op, 1011391050.00 ns, 15.4326 us/op
WorkloadResult  32: 65536 op, 1048959850.00 ns, 16.0059 us/op
WorkloadResult  33: 65536 op, 1002558650.00 ns, 15.2978 us/op
WorkloadResult  34: 65536 op, 955453550.00 ns, 14.5791 us/op
WorkloadResult  35: 65536 op, 1008175750.00 ns, 15.3835 us/op
WorkloadResult  36: 65536 op, 1018466850.00 ns, 15.5406 us/op
WorkloadResult  37: 65536 op, 995119650.00 ns, 15.1843 us/op
WorkloadResult  38: 65536 op, 1015082350.00 ns, 15.4889 us/op
WorkloadResult  39: 65536 op, 1024765150.00 ns, 15.6367 us/op
WorkloadResult  40: 65536 op, 933352550.00 ns, 14.2418 us/op
WorkloadResult  41: 65536 op, 941209650.00 ns, 14.3617 us/op
WorkloadResult  42: 65536 op, 1054096050.00 ns, 16.0842 us/op
WorkloadResult  43: 65536 op, 1043919050.00 ns, 15.9289 us/op
WorkloadResult  44: 65536 op, 907249250.00 ns, 13.8435 us/op
WorkloadResult  45: 65536 op, 905865150.00 ns, 13.8224 us/op
WorkloadResult  46: 65536 op, 816231150.00 ns, 12.4547 us/op
WorkloadResult  47: 65536 op, 883825850.00 ns, 13.4861 us/op
WorkloadResult  48: 65536 op, 1026002850.00 ns, 15.6556 us/op
WorkloadResult  49: 65536 op, 911691950.00 ns, 13.9113 us/op
WorkloadResult  50: 65536 op, 1026396850.00 ns, 15.6616 us/op
WorkloadResult  51: 65536 op, 1017345550.00 ns, 15.5235 us/op
WorkloadResult  52: 65536 op, 969202050.00 ns, 14.7888 us/op
WorkloadResult  53: 65536 op, 898680750.00 ns, 13.7128 us/op
WorkloadResult  54: 65536 op, 910298250.00 ns, 13.8900 us/op
WorkloadResult  55: 65536 op, 915967850.00 ns, 13.9766 us/op
WorkloadResult  56: 65536 op, 944543650.00 ns, 14.4126 us/op
WorkloadResult  57: 65536 op, 998678350.00 ns, 15.2386 us/op
WorkloadResult  58: 65536 op, 1016010150.00 ns, 15.5031 us/op
WorkloadResult  59: 65536 op, 1006609550.00 ns, 15.3596 us/op
WorkloadResult  60: 65536 op, 990407250.00 ns, 15.1124 us/op
WorkloadResult  61: 65536 op, 999101250.00 ns, 15.2451 us/op
WorkloadResult  62: 65536 op, 1012623650.00 ns, 15.4514 us/op
WorkloadResult  63: 65536 op, 1007652150.00 ns, 15.3756 us/op
WorkloadResult  64: 65536 op, 1025698750.00 ns, 15.6509 us/op
WorkloadResult  65: 65536 op, 1042600450.00 ns, 15.9088 us/op
WorkloadResult  66: 65536 op, 1046127950.00 ns, 15.9626 us/op
WorkloadResult  67: 65536 op, 963810750.00 ns, 14.7066 us/op
WorkloadResult  68: 65536 op, 1022567950.00 ns, 15.6031 us/op
WorkloadResult  69: 65536 op, 1024492250.00 ns, 15.6325 us/op
WorkloadResult  70: 65536 op, 1008783450.00 ns, 15.3928 us/op
WorkloadResult  71: 65536 op, 920136450.00 ns, 14.0402 us/op
WorkloadResult  72: 65536 op, 898107350.00 ns, 13.7040 us/op
WorkloadResult  73: 65536 op, 975259350.00 ns, 14.8813 us/op
WorkloadResult  74: 65536 op, 831101850.00 ns, 12.6816 us/op
WorkloadResult  75: 65536 op, 822957850.00 ns, 12.5573 us/op
WorkloadResult  76: 65536 op, 828596650.00 ns, 12.6434 us/op
WorkloadResult  77: 65536 op, 896321850.00 ns, 13.6768 us/op
WorkloadResult  78: 65536 op, 948720050.00 ns, 14.4763 us/op
WorkloadResult  79: 65536 op, 999244750.00 ns, 15.2473 us/op
WorkloadResult  80: 65536 op, 1006838050.00 ns, 15.3631 us/op
WorkloadResult  81: 65536 op, 995166950.00 ns, 15.1850 us/op
WorkloadResult  82: 65536 op, 989624750.00 ns, 15.1005 us/op
WorkloadResult  83: 65536 op, 935354650.00 ns, 14.2724 us/op
WorkloadResult  84: 65536 op, 995866150.00 ns, 15.1957 us/op
WorkloadResult  85: 65536 op, 1003857150.00 ns, 15.3176 us/op
WorkloadResult  86: 65536 op, 1035677150.00 ns, 15.8032 us/op
WorkloadResult  87: 65536 op, 1004696650.00 ns, 15.3305 us/op
WorkloadResult  88: 65536 op, 952298150.00 ns, 14.5309 us/op
WorkloadResult  89: 65536 op, 971605350.00 ns, 14.8255 us/op
WorkloadResult  90: 65536 op, 872244250.00 ns, 13.3094 us/op
WorkloadResult  91: 65536 op, 1025480150.00 ns, 15.6476 us/op
WorkloadResult  92: 65536 op, 1027084650.00 ns, 15.6721 us/op
WorkloadResult  93: 65536 op, 989599150.00 ns, 15.1001 us/op
WorkloadResult  94: 65536 op, 964185550.00 ns, 14.7123 us/op
WorkloadResult  95: 65536 op, 1014301750.00 ns, 15.4770 us/op
WorkloadResult  96: 65536 op, 994757450.00 ns, 15.1788 us/op
WorkloadResult  97: 65536 op, 939966350.00 ns, 14.3427 us/op
WorkloadResult  98: 65536 op, 994395650.00 ns, 15.1733 us/op
WorkloadResult  99: 65536 op, 975868650.00 ns, 14.8906 us/op
WorkloadResult  100: 65536 op, 935322250.00 ns, 14.2719 us/op
// GC:  1 0 0 20973024 65536
// Threading:  0 0 65536

// AfterAll
// Benchmark Process 63772 has exited with code 0.

Mean = 14.936 μs, StdErr = 0.088 μs (0.59%), N = 100, StdDev = 0.879 μs
Min = 12.455 μs, Q1 = 14.339 μs, Median = 15.217 μs, Q3 = 15.610 μs, Max = 16.084 μs
IQR = 1.272 μs, LowerFence = 12.431 μs, UpperFence = 17.518 μs
ConfidenceInterval = [14.638 μs; 15.234 μs] (CI 99.9%), Margin = 0.298 μs (2.00% of Mean)
Skewness = -0.93, Kurtosis = 3.14, MValue = 2.39

// ** Remained 35 (83.3%) benchmark(s) to run. Estimated finish 2026-08-18 15:33 (0h 12m from now) **
Setup power plan (GUID: 8c5e7fda-e8bf-4a96-9a85-a6e23a8c635c FriendlyName: High performance)
// **************************
// Benchmark: NamedPipesBenchmarks.NpSimJson: .NET 6.0(Runtime=.NET 6.0)
// *** Execute ***
// Launch: 1 / 1
// Execute: dotnet 28b8886a-3d8c-41cc-bc62-dd7109f66270.dll --anonymousPipes 4748 2996 --benchmarkName ServiceWire.Benchmarks.NamedPipesBenchmarks.NpSimJson --job ".NET 6.0" --benchmarkId 3 in d:\code\Github\ServiceWire\src\Benchmarks\ServiceWire.Benchmarks\bin\Release\net8.0\28b8886a-3d8c-41cc-bc62-dd7109f66270\bin\Release\net6.0
// BeforeAnythingElse

// Benchmark Process Environment Information:
// BenchmarkDotNet v0.14.0
// Runtime=.NET 6.0.36 (6.0.3624.51421), X64 RyuJIT AVX2
// GC=Concurrent Workstation
// HardwareIntrinsics=AVX2,AES,BMI1,BMI2,FMA,LZCNT,PCLMUL,POPCNT VectorSize=256
// Job: .NET 6.0

OverheadJitting  1: 1 op, 181600.00 ns, 181.6000 us/op
WorkloadJitting  1: 1 op, 12304200.00 ns, 12.3042 ms/op

OverheadJitting  2: 16 op, 124100.00 ns, 7.7563 us/op
WorkloadJitting  2: 16 op, 474700.00 ns, 29.6688 us/op

WorkloadPilot    1: 16 op, 284600.00 ns, 17.7875 us/op
WorkloadPilot    2: 32 op, 434400.00 ns, 13.5750 us/op
WorkloadPilot    3: 64 op, 927400.00 ns, 14.4906 us/op
WorkloadPilot    4: 128 op, 1840200.00 ns, 14.3766 us/op
WorkloadPilot    5: 256 op, 3908800.00 ns, 15.2688 us/op
WorkloadPilot    6: 512 op, 7468200.00 ns, 14.5863 us/op
WorkloadPilot    7: 1024 op, 15278200.00 ns, 14.9201 us/op
WorkloadPilot    8: 2048 op, 31272700.00 ns, 15.2699 us/op
WorkloadPilot    9: 4096 op, 60776200.00 ns, 14.8379 us/op
WorkloadPilot   10: 8192 op, 125477800.00 ns, 15.3171 us/op
WorkloadPilot   11: 16384 op, 265446900.00 ns, 16.2016 us/op
WorkloadPilot   12: 32768 op, 519066000.00 ns, 15.8406 us/op

OverheadWarmup   1: 32768 op, 51700.00 ns, 1.5778 ns/op
OverheadWarmup   2: 32768 op, 59000.00 ns, 1.8005 ns/op
OverheadWarmup   3: 32768 op, 47300.00 ns, 1.4435 ns/op
OverheadWarmup   4: 32768 op, 63000.00 ns, 1.9226 ns/op
OverheadWarmup   5: 32768 op, 47100.00 ns, 1.4374 ns/op

OverheadActual   1: 32768 op, 47400.00 ns, 1.4465 ns/op
OverheadActual   2: 32768 op, 48200.00 ns, 1.4709 ns/op
OverheadActual   3: 32768 op, 48600.00 ns, 1.4832 ns/op
OverheadActual   4: 32768 op, 63600.00 ns, 1.9409 ns/op
OverheadActual   5: 32768 op, 50600.00 ns, 1.5442 ns/op
OverheadActual   6: 32768 op, 47900.00 ns, 1.4618 ns/op
OverheadActual   7: 32768 op, 56600.00 ns, 1.7273 ns/op
OverheadActual   8: 32768 op, 52100.00 ns, 1.5900 ns/op
OverheadActual   9: 32768 op, 46600.00 ns, 1.4221 ns/op
OverheadActual  10: 32768 op, 47500.00 ns, 1.4496 ns/op
OverheadActual  11: 32768 op, 47000.00 ns, 1.4343 ns/op
OverheadActual  12: 32768 op, 52300.00 ns, 1.5961 ns/op
OverheadActual  13: 32768 op, 47200.00 ns, 1.4404 ns/op
OverheadActual  14: 32768 op, 53100.00 ns, 1.6205 ns/op
OverheadActual  15: 32768 op, 46600.00 ns, 1.4221 ns/op
OverheadActual  16: 32768 op, 59700.00 ns, 1.8219 ns/op
OverheadActual  17: 32768 op, 47400.00 ns, 1.4465 ns/op
OverheadActual  18: 32768 op, 49800.00 ns, 1.5198 ns/op
OverheadActual  19: 32768 op, 46700.00 ns, 1.4252 ns/op
OverheadActual  20: 32768 op, 47700.00 ns, 1.4557 ns/op

WorkloadWarmup   1: 32768 op, 514425600.00 ns, 15.6990 us/op
WorkloadWarmup   2: 32768 op, 516121900.00 ns, 15.7508 us/op
WorkloadWarmup   3: 32768 op, 521762000.00 ns, 15.9229 us/op
WorkloadWarmup   4: 32768 op, 493749800.00 ns, 15.0680 us/op
WorkloadWarmup   5: 32768 op, 474588700.00 ns, 14.4833 us/op
WorkloadWarmup   6: 32768 op, 477809200.00 ns, 14.5816 us/op
WorkloadWarmup   7: 32768 op, 471575100.00 ns, 14.3913 us/op

// BeforeActualRun
WorkloadActual   1: 32768 op, 467164500.00 ns, 14.2567 us/op
WorkloadActual   2: 32768 op, 475753100.00 ns, 14.5188 us/op
WorkloadActual   3: 32768 op, 475048000.00 ns, 14.4973 us/op
WorkloadActual   4: 32768 op, 468508500.00 ns, 14.2977 us/op
WorkloadActual   5: 32768 op, 469149000.00 ns, 14.3173 us/op
WorkloadActual   6: 32768 op, 470807100.00 ns, 14.3679 us/op
WorkloadActual   7: 32768 op, 471031300.00 ns, 14.3747 us/op
WorkloadActual   8: 32768 op, 468488800.00 ns, 14.2971 us/op
WorkloadActual   9: 32768 op, 466073600.00 ns, 14.2234 us/op
WorkloadActual  10: 32768 op, 469912400.00 ns, 14.3406 us/op
WorkloadActual  11: 32768 op, 446622400.00 ns, 13.6298 us/op
WorkloadActual  12: 32768 op, 460262600.00 ns, 14.0461 us/op
WorkloadActual  13: 32768 op, 509251700.00 ns, 15.5411 us/op
WorkloadActual  14: 32768 op, 494606200.00 ns, 15.0942 us/op
WorkloadActual  15: 32768 op, 439146000.00 ns, 13.4017 us/op
WorkloadActual  16: 32768 op, 478542300.00 ns, 14.6040 us/op
WorkloadActual  17: 32768 op, 508356300.00 ns, 15.5138 us/op
WorkloadActual  18: 32768 op, 478025500.00 ns, 14.5882 us/op
WorkloadActual  19: 32768 op, 526915300.00 ns, 16.0802 us/op
WorkloadActual  20: 32768 op, 516428400.00 ns, 15.7601 us/op
WorkloadActual  21: 32768 op, 514628300.00 ns, 15.7052 us/op
WorkloadActual  22: 32768 op, 512851000.00 ns, 15.6510 us/op
WorkloadActual  23: 32768 op, 514494100.00 ns, 15.7011 us/op
WorkloadActual  24: 32768 op, 514768000.00 ns, 15.7095 us/op
WorkloadActual  25: 32768 op, 510412000.00 ns, 15.5765 us/op
WorkloadActual  26: 32768 op, 510037900.00 ns, 15.5651 us/op
WorkloadActual  27: 32768 op, 516754700.00 ns, 15.7701 us/op
WorkloadActual  28: 32768 op, 511158200.00 ns, 15.5993 us/op
WorkloadActual  29: 32768 op, 469384800.00 ns, 14.3245 us/op
WorkloadActual  30: 32768 op, 461512100.00 ns, 14.0842 us/op
WorkloadActual  31: 32768 op, 458981400.00 ns, 14.0070 us/op
WorkloadActual  32: 32768 op, 464025700.00 ns, 14.1609 us/op
WorkloadActual  33: 32768 op, 497416500.00 ns, 15.1799 us/op
WorkloadActual  34: 32768 op, 504161500.00 ns, 15.3858 us/op
WorkloadActual  35: 32768 op, 491020500.00 ns, 14.9848 us/op
WorkloadActual  36: 32768 op, 507203200.00 ns, 15.4786 us/op
WorkloadActual  37: 32768 op, 501366900.00 ns, 15.3005 us/op
WorkloadActual  38: 32768 op, 455899600.00 ns, 13.9130 us/op
WorkloadActual  39: 32768 op, 513949400.00 ns, 15.6845 us/op
WorkloadActual  40: 32768 op, 517822400.00 ns, 15.8027 us/op
WorkloadActual  41: 32768 op, 518612900.00 ns, 15.8268 us/op
WorkloadActual  42: 32768 op, 472043400.00 ns, 14.4056 us/op
WorkloadActual  43: 32768 op, 462624800.00 ns, 14.1182 us/op
WorkloadActual  44: 32768 op, 465739400.00 ns, 14.2132 us/op
WorkloadActual  45: 32768 op, 467063200.00 ns, 14.2536 us/op
WorkloadActual  46: 32768 op, 514564700.00 ns, 15.7033 us/op
WorkloadActual  47: 32768 op, 520904200.00 ns, 15.8967 us/op
WorkloadActual  48: 32768 op, 518518500.00 ns, 15.8239 us/op
WorkloadActual  49: 32768 op, 468100500.00 ns, 14.2853 us/op
WorkloadActual  50: 32768 op, 454981100.00 ns, 13.8849 us/op
WorkloadActual  51: 32768 op, 445907900.00 ns, 13.6080 us/op
WorkloadActual  52: 32768 op, 441877200.00 ns, 13.4850 us/op
WorkloadActual  53: 32768 op, 440346300.00 ns, 13.4383 us/op
WorkloadActual  54: 32768 op, 452663800.00 ns, 13.8142 us/op
WorkloadActual  55: 32768 op, 438381400.00 ns, 13.3783 us/op
WorkloadActual  56: 32768 op, 474780700.00 ns, 14.4892 us/op
WorkloadActual  57: 32768 op, 517111800.00 ns, 15.7810 us/op
WorkloadActual  58: 32768 op, 507525800.00 ns, 15.4885 us/op
WorkloadActual  59: 32768 op, 436397300.00 ns, 13.3178 us/op
WorkloadActual  60: 32768 op, 448622600.00 ns, 13.6909 us/op
WorkloadActual  61: 32768 op, 508180200.00 ns, 15.5084 us/op
WorkloadActual  62: 32768 op, 505583900.00 ns, 15.4292 us/op
WorkloadActual  63: 32768 op, 511436900.00 ns, 15.6078 us/op
WorkloadActual  64: 32768 op, 511709600.00 ns, 15.6161 us/op
WorkloadActual  65: 32768 op, 516552100.00 ns, 15.7639 us/op
WorkloadActual  66: 32768 op, 518787100.00 ns, 15.8321 us/op
WorkloadActual  67: 32768 op, 497165300.00 ns, 15.1723 us/op
WorkloadActual  68: 32768 op, 456244800.00 ns, 13.9235 us/op
WorkloadActual  69: 32768 op, 463774600.00 ns, 14.1533 us/op
WorkloadActual  70: 32768 op, 458941300.00 ns, 14.0058 us/op
WorkloadActual  71: 32768 op, 456585000.00 ns, 13.9339 us/op
WorkloadActual  72: 32768 op, 465890100.00 ns, 14.2178 us/op
WorkloadActual  73: 32768 op, 458998200.00 ns, 14.0075 us/op
WorkloadActual  74: 32768 op, 459993400.00 ns, 14.0379 us/op
WorkloadActual  75: 32768 op, 464625500.00 ns, 14.1792 us/op
WorkloadActual  76: 32768 op, 504230500.00 ns, 15.3879 us/op
WorkloadActual  77: 32768 op, 506126400.00 ns, 15.4458 us/op
WorkloadActual  78: 32768 op, 503689400.00 ns, 15.3714 us/op
WorkloadActual  79: 32768 op, 497753400.00 ns, 15.1902 us/op
WorkloadActual  80: 32768 op, 507073200.00 ns, 15.4746 us/op
WorkloadActual  81: 32768 op, 501413600.00 ns, 15.3019 us/op
WorkloadActual  82: 32768 op, 482641800.00 ns, 14.7291 us/op
WorkloadActual  83: 32768 op, 493053200.00 ns, 15.0468 us/op
WorkloadActual  84: 32768 op, 492582200.00 ns, 15.0324 us/op

// AfterActualRun
WorkloadResult   1: 32768 op, 467116450.00 ns, 14.2553 us/op
WorkloadResult   2: 32768 op, 475705050.00 ns, 14.5174 us/op
WorkloadResult   3: 32768 op, 474999950.00 ns, 14.4958 us/op
WorkloadResult   4: 32768 op, 468460450.00 ns, 14.2963 us/op
WorkloadResult   5: 32768 op, 469100950.00 ns, 14.3158 us/op
WorkloadResult   6: 32768 op, 470759050.00 ns, 14.3664 us/op
WorkloadResult   7: 32768 op, 470983250.00 ns, 14.3733 us/op
WorkloadResult   8: 32768 op, 468440750.00 ns, 14.2957 us/op
WorkloadResult   9: 32768 op, 466025550.00 ns, 14.2220 us/op
WorkloadResult  10: 32768 op, 469864350.00 ns, 14.3391 us/op
WorkloadResult  11: 32768 op, 446574350.00 ns, 13.6284 us/op
WorkloadResult  12: 32768 op, 460214550.00 ns, 14.0446 us/op
WorkloadResult  13: 32768 op, 509203650.00 ns, 15.5397 us/op
WorkloadResult  14: 32768 op, 494558150.00 ns, 15.0927 us/op
WorkloadResult  15: 32768 op, 439097950.00 ns, 13.4002 us/op
WorkloadResult  16: 32768 op, 478494250.00 ns, 14.6025 us/op
WorkloadResult  17: 32768 op, 508308250.00 ns, 15.5123 us/op
WorkloadResult  18: 32768 op, 477977450.00 ns, 14.5867 us/op
WorkloadResult  19: 32768 op, 526867250.00 ns, 16.0787 us/op
WorkloadResult  20: 32768 op, 516380350.00 ns, 15.7587 us/op
WorkloadResult  21: 32768 op, 514580250.00 ns, 15.7037 us/op
WorkloadResult  22: 32768 op, 512802950.00 ns, 15.6495 us/op
WorkloadResult  23: 32768 op, 514446050.00 ns, 15.6996 us/op
WorkloadResult  24: 32768 op, 514719950.00 ns, 15.7080 us/op
WorkloadResult  25: 32768 op, 510363950.00 ns, 15.5751 us/op
WorkloadResult  26: 32768 op, 509989850.00 ns, 15.5637 us/op
WorkloadResult  27: 32768 op, 516706650.00 ns, 15.7686 us/op
WorkloadResult  28: 32768 op, 511110150.00 ns, 15.5978 us/op
WorkloadResult  29: 32768 op, 469336750.00 ns, 14.3230 us/op
WorkloadResult  30: 32768 op, 461464050.00 ns, 14.0828 us/op
WorkloadResult  31: 32768 op, 458933350.00 ns, 14.0055 us/op
WorkloadResult  32: 32768 op, 463977650.00 ns, 14.1595 us/op
WorkloadResult  33: 32768 op, 497368450.00 ns, 15.1785 us/op
WorkloadResult  34: 32768 op, 504113450.00 ns, 15.3843 us/op
WorkloadResult  35: 32768 op, 490972450.00 ns, 14.9833 us/op
WorkloadResult  36: 32768 op, 507155150.00 ns, 15.4771 us/op
WorkloadResult  37: 32768 op, 501318850.00 ns, 15.2990 us/op
WorkloadResult  38: 32768 op, 455851550.00 ns, 13.9115 us/op
WorkloadResult  39: 32768 op, 513901350.00 ns, 15.6830 us/op
WorkloadResult  40: 32768 op, 517774350.00 ns, 15.8012 us/op
WorkloadResult  41: 32768 op, 518564850.00 ns, 15.8253 us/op
WorkloadResult  42: 32768 op, 471995350.00 ns, 14.4042 us/op
WorkloadResult  43: 32768 op, 462576750.00 ns, 14.1167 us/op
WorkloadResult  44: 32768 op, 465691350.00 ns, 14.2118 us/op
WorkloadResult  45: 32768 op, 467015150.00 ns, 14.2522 us/op
WorkloadResult  46: 32768 op, 514516650.00 ns, 15.7018 us/op
WorkloadResult  47: 32768 op, 520856150.00 ns, 15.8953 us/op
WorkloadResult  48: 32768 op, 518470450.00 ns, 15.8225 us/op
WorkloadResult  49: 32768 op, 468052450.00 ns, 14.2838 us/op
WorkloadResult  50: 32768 op, 454933050.00 ns, 13.8835 us/op
WorkloadResult  51: 32768 op, 445859850.00 ns, 13.6066 us/op
WorkloadResult  52: 32768 op, 441829150.00 ns, 13.4836 us/op
WorkloadResult  53: 32768 op, 440298250.00 ns, 13.4368 us/op
WorkloadResult  54: 32768 op, 452615750.00 ns, 13.8127 us/op
WorkloadResult  55: 32768 op, 438333350.00 ns, 13.3769 us/op
WorkloadResult  56: 32768 op, 474732650.00 ns, 14.4877 us/op
WorkloadResult  57: 32768 op, 517063750.00 ns, 15.7795 us/op
WorkloadResult  58: 32768 op, 507477750.00 ns, 15.4870 us/op
WorkloadResult  59: 32768 op, 436349250.00 ns, 13.3163 us/op
WorkloadResult  60: 32768 op, 448574550.00 ns, 13.6894 us/op
WorkloadResult  61: 32768 op, 508132150.00 ns, 15.5070 us/op
WorkloadResult  62: 32768 op, 505535850.00 ns, 15.4277 us/op
WorkloadResult  63: 32768 op, 511388850.00 ns, 15.6063 us/op
WorkloadResult  64: 32768 op, 511661550.00 ns, 15.6147 us/op
WorkloadResult  65: 32768 op, 516504050.00 ns, 15.7625 us/op
WorkloadResult  66: 32768 op, 518739050.00 ns, 15.8307 us/op
WorkloadResult  67: 32768 op, 497117250.00 ns, 15.1708 us/op
WorkloadResult  68: 32768 op, 456196750.00 ns, 13.9220 us/op
WorkloadResult  69: 32768 op, 463726550.00 ns, 14.1518 us/op
WorkloadResult  70: 32768 op, 458893250.00 ns, 14.0043 us/op
WorkloadResult  71: 32768 op, 456536950.00 ns, 13.9324 us/op
WorkloadResult  72: 32768 op, 465842050.00 ns, 14.2164 us/op
WorkloadResult  73: 32768 op, 458950150.00 ns, 14.0060 us/op
WorkloadResult  74: 32768 op, 459945350.00 ns, 14.0364 us/op
WorkloadResult  75: 32768 op, 464577450.00 ns, 14.1778 us/op
WorkloadResult  76: 32768 op, 504182450.00 ns, 15.3864 us/op
WorkloadResult  77: 32768 op, 506078350.00 ns, 15.4443 us/op
WorkloadResult  78: 32768 op, 503641350.00 ns, 15.3699 us/op
WorkloadResult  79: 32768 op, 497705350.00 ns, 15.1888 us/op
WorkloadResult  80: 32768 op, 507025150.00 ns, 15.4732 us/op
WorkloadResult  81: 32768 op, 501365550.00 ns, 15.3005 us/op
WorkloadResult  82: 32768 op, 482593750.00 ns, 14.7276 us/op
WorkloadResult  83: 32768 op, 493005150.00 ns, 15.0453 us/op
WorkloadResult  84: 32768 op, 492534150.00 ns, 15.0309 us/op
// GC:  0 0 0 10487264 32768
// Threading:  0 0 32768

// AfterAll
// Benchmark Process 17728 has exited with code 0.

Mean = 14.791 μs, StdErr = 0.086 μs (0.58%), N = 84, StdDev = 0.789 μs
Min = 13.316 μs, Q1 = 14.158 μs, Median = 14.665 μs, Q3 = 15.546 μs, Max = 16.079 μs
IQR = 1.388 μs, LowerFence = 12.075 μs, UpperFence = 17.628 μs
ConfidenceInterval = [14.498 μs; 15.085 μs] (CI 99.9%), Margin = 0.294 μs (1.99% of Mean)
Skewness = -0.12, Kurtosis = 1.59, MValue = 3.6

// ** Remained 34 (81.0%) benchmark(s) to run. Estimated finish 2026-08-18 15:36 (0h 14m from now) **
Setup power plan (GUID: 8c5e7fda-e8bf-4a96-9a85-a6e23a8c635c FriendlyName: High performance)
// **************************
// Benchmark: NamedPipesBenchmarks.NpRg: .NET 6.0(Runtime=.NET 6.0)
// *** Execute ***
// Launch: 1 / 1
// Execute: dotnet 28b8886a-3d8c-41cc-bc62-dd7109f66270.dll --anonymousPipes 4592 2928 --benchmarkName ServiceWire.Benchmarks.NamedPipesBenchmarks.NpRg --job ".NET 6.0" --benchmarkId 4 in d:\code\Github\ServiceWire\src\Benchmarks\ServiceWire.Benchmarks\bin\Release\net8.0\28b8886a-3d8c-41cc-bc62-dd7109f66270\bin\Release\net6.0
// BeforeAnythingElse

// Benchmark Process Environment Information:
// BenchmarkDotNet v0.14.0
// Runtime=.NET 6.0.36 (6.0.3624.51421), X64 RyuJIT AVX2
// GC=Concurrent Workstation
// HardwareIntrinsics=AVX2,AES,BMI1,BMI2,FMA,LZCNT,PCLMUL,POPCNT VectorSize=256
// Job: .NET 6.0

OverheadJitting  1: 1 op, 145000.00 ns, 145.0000 us/op
WorkloadJitting  1: 1 op, 19263800.00 ns, 19.2638 ms/op

OverheadJitting  2: 16 op, 126400.00 ns, 7.9000 us/op
WorkloadJitting  2: 16 op, 979300.00 ns, 61.2063 us/op

WorkloadPilot    1: 16 op, 710500.00 ns, 44.4063 us/op
WorkloadPilot    2: 32 op, 1581100.00 ns, 49.4094 us/op
WorkloadPilot    3: 64 op, 2658800.00 ns, 41.5438 us/op
WorkloadPilot    4: 128 op, 5613700.00 ns, 43.8570 us/op
WorkloadPilot    5: 256 op, 11656900.00 ns, 45.5348 us/op
WorkloadPilot    6: 512 op, 22647000.00 ns, 44.2324 us/op
WorkloadPilot    7: 1024 op, 46132400.00 ns, 45.0512 us/op
WorkloadPilot    8: 2048 op, 80239200.00 ns, 39.1793 us/op
WorkloadPilot    9: 4096 op, 96957800.00 ns, 23.6713 us/op
WorkloadPilot   10: 8192 op, 189733200.00 ns, 23.1608 us/op
WorkloadPilot   11: 16384 op, 388517700.00 ns, 23.7132 us/op
WorkloadPilot   12: 32768 op, 782442300.00 ns, 23.8782 us/op

OverheadWarmup   1: 32768 op, 48900.00 ns, 1.4923 ns/op
OverheadWarmup   2: 32768 op, 53000.00 ns, 1.6174 ns/op
OverheadWarmup   3: 32768 op, 48000.00 ns, 1.4648 ns/op
OverheadWarmup   4: 32768 op, 47600.00 ns, 1.4526 ns/op
OverheadWarmup   5: 32768 op, 47900.00 ns, 1.4618 ns/op
OverheadWarmup   6: 32768 op, 59600.00 ns, 1.8188 ns/op
OverheadWarmup   7: 32768 op, 48000.00 ns, 1.4648 ns/op

OverheadActual   1: 32768 op, 46700.00 ns, 1.4252 ns/op
OverheadActual   2: 32768 op, 48000.00 ns, 1.4648 ns/op
OverheadActual   3: 32768 op, 47800.00 ns, 1.4587 ns/op
OverheadActual   4: 32768 op, 48000.00 ns, 1.4648 ns/op
OverheadActual   5: 32768 op, 48500.00 ns, 1.4801 ns/op
OverheadActual   6: 32768 op, 47300.00 ns, 1.4435 ns/op
OverheadActual   7: 32768 op, 59400.00 ns, 1.8127 ns/op
OverheadActual   8: 32768 op, 47600.00 ns, 1.4526 ns/op
OverheadActual   9: 32768 op, 46900.00 ns, 1.4313 ns/op
OverheadActual  10: 32768 op, 60600.00 ns, 1.8494 ns/op
OverheadActual  11: 32768 op, 49800.00 ns, 1.5198 ns/op
OverheadActual  12: 32768 op, 50700.00 ns, 1.5472 ns/op
OverheadActual  13: 32768 op, 47700.00 ns, 1.4557 ns/op
OverheadActual  14: 32768 op, 48300.00 ns, 1.4740 ns/op
OverheadActual  15: 32768 op, 46900.00 ns, 1.4313 ns/op

WorkloadWarmup   1: 32768 op, 770113300.00 ns, 23.5020 us/op
WorkloadWarmup   2: 32768 op, 770781800.00 ns, 23.5224 us/op
WorkloadWarmup   3: 32768 op, 775904300.00 ns, 23.6787 us/op
WorkloadWarmup   4: 32768 op, 768664800.00 ns, 23.4578 us/op
WorkloadWarmup   5: 32768 op, 935978400.00 ns, 28.5638 us/op
WorkloadWarmup   6: 32768 op, 933330200.00 ns, 28.4830 us/op

// BeforeActualRun
WorkloadActual   1: 32768 op, 930865400.00 ns, 28.4078 us/op
WorkloadActual   2: 32768 op, 891278200.00 ns, 27.1997 us/op
WorkloadActual   3: 32768 op, 755730100.00 ns, 23.0631 us/op
WorkloadActual   4: 32768 op, 765255400.00 ns, 23.3537 us/op
WorkloadActual   5: 32768 op, 747530700.00 ns, 22.8128 us/op
WorkloadActual   6: 32768 op, 883876300.00 ns, 26.9738 us/op
WorkloadActual   7: 32768 op, 769550500.00 ns, 23.4848 us/op
WorkloadActual   8: 32768 op, 870195300.00 ns, 26.5563 us/op
WorkloadActual   9: 32768 op, 935065400.00 ns, 28.5359 us/op
WorkloadActual  10: 32768 op, 909523500.00 ns, 27.7565 us/op
WorkloadActual  11: 32768 op, 783454400.00 ns, 23.9091 us/op
WorkloadActual  12: 32768 op, 885064900.00 ns, 27.0100 us/op
WorkloadActual  13: 32768 op, 830422300.00 ns, 25.3425 us/op
WorkloadActual  14: 32768 op, 949688400.00 ns, 28.9822 us/op
WorkloadActual  15: 32768 op, 918034500.00 ns, 28.0162 us/op
WorkloadActual  16: 32768 op, 917134100.00 ns, 27.9887 us/op
WorkloadActual  17: 32768 op, 916137700.00 ns, 27.9583 us/op
WorkloadActual  18: 32768 op, 869960200.00 ns, 26.5491 us/op
WorkloadActual  19: 32768 op, 928513100.00 ns, 28.3360 us/op
WorkloadActual  20: 32768 op, 767046200.00 ns, 23.4084 us/op
WorkloadActual  21: 32768 op, 812861300.00 ns, 24.8066 us/op
WorkloadActual  22: 32768 op, 918570400.00 ns, 28.0325 us/op
WorkloadActual  23: 32768 op, 919189900.00 ns, 28.0514 us/op
WorkloadActual  24: 32768 op, 931675400.00 ns, 28.4325 us/op
WorkloadActual  25: 32768 op, 941665700.00 ns, 28.7374 us/op
WorkloadActual  26: 32768 op, 866984800.00 ns, 26.4583 us/op
WorkloadActual  27: 32768 op, 940385000.00 ns, 28.6983 us/op
WorkloadActual  28: 32768 op, 929697900.00 ns, 28.3721 us/op
WorkloadActual  29: 32768 op, 943037600.00 ns, 28.7792 us/op
WorkloadActual  30: 32768 op, 934473600.00 ns, 28.5179 us/op
WorkloadActual  31: 32768 op, 926393700.00 ns, 28.2713 us/op
WorkloadActual  32: 32768 op, 937116600.00 ns, 28.5985 us/op
WorkloadActual  33: 32768 op, 937905900.00 ns, 28.6226 us/op
WorkloadActual  34: 32768 op, 900474600.00 ns, 27.4803 us/op
WorkloadActual  35: 32768 op, 873902800.00 ns, 26.6694 us/op
WorkloadActual  36: 32768 op, 939473400.00 ns, 28.6705 us/op
WorkloadActual  37: 32768 op, 918317900.00 ns, 28.0248 us/op
WorkloadActual  38: 32768 op, 789582000.00 ns, 24.0961 us/op
WorkloadActual  39: 32768 op, 907626700.00 ns, 27.6986 us/op
WorkloadActual  40: 32768 op, 937149500.00 ns, 28.5995 us/op
WorkloadActual  41: 32768 op, 944226100.00 ns, 28.8155 us/op
WorkloadActual  42: 32768 op, 917040900.00 ns, 27.9859 us/op
WorkloadActual  43: 32768 op, 925415300.00 ns, 28.2414 us/op
WorkloadActual  44: 32768 op, 933692300.00 ns, 28.4940 us/op
WorkloadActual  45: 32768 op, 932398100.00 ns, 28.4545 us/op
WorkloadActual  46: 32768 op, 922865200.00 ns, 28.1636 us/op
WorkloadActual  47: 32768 op, 933439500.00 ns, 28.4863 us/op
WorkloadActual  48: 32768 op, 939811200.00 ns, 28.6808 us/op
WorkloadActual  49: 32768 op, 838193200.00 ns, 25.5796 us/op
WorkloadActual  50: 32768 op, 770428600.00 ns, 23.5116 us/op
WorkloadActual  51: 32768 op, 909722800.00 ns, 27.7625 us/op
WorkloadActual  52: 32768 op, 941983800.00 ns, 28.7471 us/op
WorkloadActual  53: 32768 op, 926376000.00 ns, 28.2708 us/op
WorkloadActual  54: 32768 op, 930085700.00 ns, 28.3840 us/op
WorkloadActual  55: 32768 op, 816453200.00 ns, 24.9162 us/op
WorkloadActual  56: 32768 op, 906900800.00 ns, 27.6764 us/op
WorkloadActual  57: 32768 op, 786051100.00 ns, 23.9884 us/op
WorkloadActual  58: 32768 op, 782117400.00 ns, 23.8683 us/op
WorkloadActual  59: 32768 op, 786484500.00 ns, 24.0016 us/op
WorkloadActual  60: 32768 op, 888124700.00 ns, 27.1034 us/op
WorkloadActual  61: 32768 op, 774917400.00 ns, 23.6486 us/op
WorkloadActual  62: 32768 op, 761777600.00 ns, 23.2476 us/op
WorkloadActual  63: 32768 op, 780212000.00 ns, 23.8102 us/op
WorkloadActual  64: 32768 op, 798308700.00 ns, 24.3624 us/op
WorkloadActual  65: 32768 op, 885620000.00 ns, 27.0270 us/op
WorkloadActual  66: 32768 op, 929267500.00 ns, 28.3590 us/op
WorkloadActual  67: 32768 op, 949082500.00 ns, 28.9637 us/op
WorkloadActual  68: 32768 op, 894653900.00 ns, 27.3027 us/op
WorkloadActual  69: 32768 op, 773154200.00 ns, 23.5948 us/op
WorkloadActual  70: 32768 op, 790903200.00 ns, 24.1365 us/op
WorkloadActual  71: 32768 op, 857574600.00 ns, 26.1711 us/op
WorkloadActual  72: 32768 op, 870044200.00 ns, 26.5516 us/op
WorkloadActual  73: 32768 op, 782430600.00 ns, 23.8779 us/op
WorkloadActual  74: 32768 op, 770695500.00 ns, 23.5198 us/op
WorkloadActual  75: 32768 op, 775516400.00 ns, 23.6669 us/op
WorkloadActual  76: 32768 op, 770582600.00 ns, 23.5163 us/op
WorkloadActual  77: 32768 op, 933897400.00 ns, 28.5003 us/op
WorkloadActual  78: 32768 op, 939607000.00 ns, 28.6745 us/op
WorkloadActual  79: 32768 op, 933762000.00 ns, 28.4962 us/op
WorkloadActual  80: 32768 op, 893073100.00 ns, 27.2544 us/op
WorkloadActual  81: 32768 op, 946431000.00 ns, 28.8828 us/op
WorkloadActual  82: 32768 op, 935540300.00 ns, 28.5504 us/op
WorkloadActual  83: 32768 op, 956666000.00 ns, 29.1951 us/op
WorkloadActual  84: 32768 op, 879915800.00 ns, 26.8529 us/op
WorkloadActual  85: 32768 op, 760561100.00 ns, 23.2105 us/op
WorkloadActual  86: 32768 op, 916296800.00 ns, 27.9632 us/op
WorkloadActual  87: 32768 op, 891305300.00 ns, 27.2005 us/op
WorkloadActual  88: 32768 op, 895843000.00 ns, 27.3390 us/op
WorkloadActual  89: 32768 op, 932274200.00 ns, 28.4508 us/op
WorkloadActual  90: 32768 op, 753422400.00 ns, 22.9926 us/op
WorkloadActual  91: 32768 op, 823115800.00 ns, 25.1195 us/op
WorkloadActual  92: 32768 op, 939523200.00 ns, 28.6720 us/op
WorkloadActual  93: 32768 op, 939643500.00 ns, 28.6756 us/op
WorkloadActual  94: 32768 op, 926246800.00 ns, 28.2668 us/op
WorkloadActual  95: 32768 op, 885985900.00 ns, 27.0381 us/op
WorkloadActual  96: 32768 op, 749255900.00 ns, 22.8655 us/op
WorkloadActual  97: 32768 op, 918949900.00 ns, 28.0441 us/op
WorkloadActual  98: 32768 op, 908162400.00 ns, 27.7149 us/op
WorkloadActual  99: 32768 op, 845807800.00 ns, 25.8120 us/op
WorkloadActual  100: 32768 op, 933428900.00 ns, 28.4860 us/op

// AfterActualRun
WorkloadResult   1: 32768 op, 930817400.00 ns, 28.4063 us/op
WorkloadResult   2: 32768 op, 891230200.00 ns, 27.1982 us/op
WorkloadResult   3: 32768 op, 755682100.00 ns, 23.0616 us/op
WorkloadResult   4: 32768 op, 765207400.00 ns, 23.3523 us/op
WorkloadResult   5: 32768 op, 747482700.00 ns, 22.8114 us/op
WorkloadResult   6: 32768 op, 883828300.00 ns, 26.9723 us/op
WorkloadResult   7: 32768 op, 769502500.00 ns, 23.4834 us/op
WorkloadResult   8: 32768 op, 870147300.00 ns, 26.5548 us/op
WorkloadResult   9: 32768 op, 935017400.00 ns, 28.5345 us/op
WorkloadResult  10: 32768 op, 909475500.00 ns, 27.7550 us/op
WorkloadResult  11: 32768 op, 783406400.00 ns, 23.9077 us/op
WorkloadResult  12: 32768 op, 885016900.00 ns, 27.0086 us/op
WorkloadResult  13: 32768 op, 830374300.00 ns, 25.3410 us/op
WorkloadResult  14: 32768 op, 949640400.00 ns, 28.9807 us/op
WorkloadResult  15: 32768 op, 917986500.00 ns, 28.0147 us/op
WorkloadResult  16: 32768 op, 917086100.00 ns, 27.9872 us/op
WorkloadResult  17: 32768 op, 916089700.00 ns, 27.9568 us/op
WorkloadResult  18: 32768 op, 869912200.00 ns, 26.5476 us/op
WorkloadResult  19: 32768 op, 928465100.00 ns, 28.3345 us/op
WorkloadResult  20: 32768 op, 766998200.00 ns, 23.4069 us/op
WorkloadResult  21: 32768 op, 812813300.00 ns, 24.8051 us/op
WorkloadResult  22: 32768 op, 918522400.00 ns, 28.0311 us/op
WorkloadResult  23: 32768 op, 919141900.00 ns, 28.0500 us/op
WorkloadResult  24: 32768 op, 931627400.00 ns, 28.4310 us/op
WorkloadResult  25: 32768 op, 941617700.00 ns, 28.7359 us/op
WorkloadResult  26: 32768 op, 866936800.00 ns, 26.4568 us/op
WorkloadResult  27: 32768 op, 940337000.00 ns, 28.6968 us/op
WorkloadResult  28: 32768 op, 929649900.00 ns, 28.3707 us/op
WorkloadResult  29: 32768 op, 942989600.00 ns, 28.7778 us/op
WorkloadResult  30: 32768 op, 934425600.00 ns, 28.5164 us/op
WorkloadResult  31: 32768 op, 926345700.00 ns, 28.2698 us/op
WorkloadResult  32: 32768 op, 937068600.00 ns, 28.5971 us/op
WorkloadResult  33: 32768 op, 937857900.00 ns, 28.6212 us/op
WorkloadResult  34: 32768 op, 900426600.00 ns, 27.4788 us/op
WorkloadResult  35: 32768 op, 873854800.00 ns, 26.6679 us/op
WorkloadResult  36: 32768 op, 939425400.00 ns, 28.6690 us/op
WorkloadResult  37: 32768 op, 918269900.00 ns, 28.0234 us/op
WorkloadResult  38: 32768 op, 789534000.00 ns, 24.0947 us/op
WorkloadResult  39: 32768 op, 907578700.00 ns, 27.6971 us/op
WorkloadResult  40: 32768 op, 937101500.00 ns, 28.5981 us/op
WorkloadResult  41: 32768 op, 944178100.00 ns, 28.8140 us/op
WorkloadResult  42: 32768 op, 916992900.00 ns, 27.9844 us/op
WorkloadResult  43: 32768 op, 925367300.00 ns, 28.2400 us/op
WorkloadResult  44: 32768 op, 933644300.00 ns, 28.4926 us/op
WorkloadResult  45: 32768 op, 932350100.00 ns, 28.4531 us/op
WorkloadResult  46: 32768 op, 922817200.00 ns, 28.1621 us/op
WorkloadResult  47: 32768 op, 933391500.00 ns, 28.4848 us/op
WorkloadResult  48: 32768 op, 939763200.00 ns, 28.6793 us/op
WorkloadResult  49: 32768 op, 838145200.00 ns, 25.5782 us/op
WorkloadResult  50: 32768 op, 770380600.00 ns, 23.5102 us/op
WorkloadResult  51: 32768 op, 909674800.00 ns, 27.7611 us/op
WorkloadResult  52: 32768 op, 941935800.00 ns, 28.7456 us/op
WorkloadResult  53: 32768 op, 926328000.00 ns, 28.2693 us/op
WorkloadResult  54: 32768 op, 930037700.00 ns, 28.3825 us/op
WorkloadResult  55: 32768 op, 816405200.00 ns, 24.9147 us/op
WorkloadResult  56: 32768 op, 906852800.00 ns, 27.6750 us/op
WorkloadResult  57: 32768 op, 786003100.00 ns, 23.9869 us/op
WorkloadResult  58: 32768 op, 782069400.00 ns, 23.8669 us/op
WorkloadResult  59: 32768 op, 786436500.00 ns, 24.0001 us/op
WorkloadResult  60: 32768 op, 888076700.00 ns, 27.1020 us/op
WorkloadResult  61: 32768 op, 774869400.00 ns, 23.6471 us/op
WorkloadResult  62: 32768 op, 761729600.00 ns, 23.2461 us/op
WorkloadResult  63: 32768 op, 780164000.00 ns, 23.8087 us/op
WorkloadResult  64: 32768 op, 798260700.00 ns, 24.3610 us/op
WorkloadResult  65: 32768 op, 885572000.00 ns, 27.0255 us/op
WorkloadResult  66: 32768 op, 929219500.00 ns, 28.3575 us/op
WorkloadResult  67: 32768 op, 949034500.00 ns, 28.9622 us/op
WorkloadResult  68: 32768 op, 894605900.00 ns, 27.3012 us/op
WorkloadResult  69: 32768 op, 773106200.00 ns, 23.5933 us/op
WorkloadResult  70: 32768 op, 790855200.00 ns, 24.1350 us/op
WorkloadResult  71: 32768 op, 857526600.00 ns, 26.1696 us/op
WorkloadResult  72: 32768 op, 869996200.00 ns, 26.5502 us/op
WorkloadResult  73: 32768 op, 782382600.00 ns, 23.8764 us/op
WorkloadResult  74: 32768 op, 770647500.00 ns, 23.5183 us/op
WorkloadResult  75: 32768 op, 775468400.00 ns, 23.6654 us/op
WorkloadResult  76: 32768 op, 770534600.00 ns, 23.5148 us/op
WorkloadResult  77: 32768 op, 933849400.00 ns, 28.4988 us/op
WorkloadResult  78: 32768 op, 939559000.00 ns, 28.6731 us/op
WorkloadResult  79: 32768 op, 933714000.00 ns, 28.4947 us/op
WorkloadResult  80: 32768 op, 893025100.00 ns, 27.2530 us/op
WorkloadResult  81: 32768 op, 946383000.00 ns, 28.8813 us/op
WorkloadResult  82: 32768 op, 935492300.00 ns, 28.5490 us/op
WorkloadResult  83: 32768 op, 956618000.00 ns, 29.1937 us/op
WorkloadResult  84: 32768 op, 879867800.00 ns, 26.8514 us/op
WorkloadResult  85: 32768 op, 760513100.00 ns, 23.2090 us/op
WorkloadResult  86: 32768 op, 916248800.00 ns, 27.9617 us/op
WorkloadResult  87: 32768 op, 891257300.00 ns, 27.1990 us/op
WorkloadResult  88: 32768 op, 895795000.00 ns, 27.3375 us/op
WorkloadResult  89: 32768 op, 932226200.00 ns, 28.4493 us/op
WorkloadResult  90: 32768 op, 753374400.00 ns, 22.9912 us/op
WorkloadResult  91: 32768 op, 823067800.00 ns, 25.1180 us/op
WorkloadResult  92: 32768 op, 939475200.00 ns, 28.6705 us/op
WorkloadResult  93: 32768 op, 939595500.00 ns, 28.6742 us/op
WorkloadResult  94: 32768 op, 926198800.00 ns, 28.2653 us/op
WorkloadResult  95: 32768 op, 885937900.00 ns, 27.0367 us/op
WorkloadResult  96: 32768 op, 749207900.00 ns, 22.8640 us/op
WorkloadResult  97: 32768 op, 918901900.00 ns, 28.0427 us/op
WorkloadResult  98: 32768 op, 908114400.00 ns, 27.7135 us/op
WorkloadResult  99: 32768 op, 845759800.00 ns, 25.8105 us/op
WorkloadResult  100: 32768 op, 933380900.00 ns, 28.4845 us/op
// GC:  19 0 0 319292896 32768
// Threading:  0 0 32768

// AfterAll
// Benchmark Process 58652 has exited with code 0.

Mean = 26.783 μs, StdErr = 0.203 μs (0.76%), N = 100, StdDev = 2.029 μs
Min = 22.811 μs, Q1 = 24.887 μs, Median = 27.705 μs, Q3 = 28.461 μs, Max = 29.194 μs
IQR = 3.574 μs, LowerFence = 19.527 μs, UpperFence = 33.821 μs
ConfidenceInterval = [26.094 μs; 27.471 μs] (CI 99.9%), Margin = 0.688 μs (2.57% of Mean)
Skewness = -0.72, Kurtosis = 1.92, MValue = 2.83

// ** Remained 33 (78.6%) benchmark(s) to run. Estimated finish 2026-08-18 15:41 (0h 18m from now) **
Setup power plan (GUID: 8c5e7fda-e8bf-4a96-9a85-a6e23a8c635c FriendlyName: High performance)
// **************************
// Benchmark: NamedPipesBenchmarks.NpRgJson: .NET 6.0(Runtime=.NET 6.0)
// *** Execute ***
// Launch: 1 / 1
// Execute: dotnet 28b8886a-3d8c-41cc-bc62-dd7109f66270.dll --anonymousPipes 2960 2984 --benchmarkName ServiceWire.Benchmarks.NamedPipesBenchmarks.NpRgJson --job ".NET 6.0" --benchmarkId 5 in d:\code\Github\ServiceWire\src\Benchmarks\ServiceWire.Benchmarks\bin\Release\net8.0\28b8886a-3d8c-41cc-bc62-dd7109f66270\bin\Release\net6.0
// BeforeAnythingElse

// Benchmark Process Environment Information:
// BenchmarkDotNet v0.14.0
// Runtime=.NET 6.0.36 (6.0.3624.51421), X64 RyuJIT AVX2
// GC=Concurrent Workstation
// HardwareIntrinsics=AVX2,AES,BMI1,BMI2,FMA,LZCNT,PCLMUL,POPCNT VectorSize=256
// Job: .NET 6.0

OverheadJitting  1: 1 op, 145200.00 ns, 145.2000 us/op
WorkloadJitting  1: 1 op, 18698500.00 ns, 18.6985 ms/op

OverheadJitting  2: 16 op, 126000.00 ns, 7.8750 us/op
WorkloadJitting  2: 16 op, 1018100.00 ns, 63.6313 us/op

WorkloadPilot    1: 16 op, 1036700.00 ns, 64.7938 us/op
WorkloadPilot    2: 32 op, 1791600.00 ns, 55.9875 us/op
WorkloadPilot    3: 64 op, 3566400.00 ns, 55.7250 us/op
WorkloadPilot    4: 128 op, 7131600.00 ns, 55.7156 us/op
WorkloadPilot    5: 256 op, 14085500.00 ns, 55.0215 us/op
WorkloadPilot    6: 512 op, 28155600.00 ns, 54.9914 us/op
WorkloadPilot    7: 1024 op, 52980300.00 ns, 51.7386 us/op
WorkloadPilot    8: 2048 op, 88150300.00 ns, 43.0421 us/op
WorkloadPilot    9: 4096 op, 144783700.00 ns, 35.3476 us/op
WorkloadPilot   10: 8192 op, 267891900.00 ns, 32.7016 us/op
WorkloadPilot   11: 16384 op, 555535100.00 ns, 33.9072 us/op

OverheadWarmup   1: 16384 op, 26700.00 ns, 1.6296 ns/op
OverheadWarmup   2: 16384 op, 23600.00 ns, 1.4404 ns/op
OverheadWarmup   3: 16384 op, 29600.00 ns, 1.8066 ns/op
OverheadWarmup   4: 16384 op, 28800.00 ns, 1.7578 ns/op
OverheadWarmup   5: 16384 op, 23800.00 ns, 1.4526 ns/op
OverheadWarmup   6: 16384 op, 23800.00 ns, 1.4526 ns/op
OverheadWarmup   7: 16384 op, 23500.00 ns, 1.4343 ns/op

OverheadActual   1: 16384 op, 23800.00 ns, 1.4526 ns/op
OverheadActual   2: 16384 op, 24300.00 ns, 1.4832 ns/op
OverheadActual   3: 16384 op, 29900.00 ns, 1.8250 ns/op
OverheadActual   4: 16384 op, 29900.00 ns, 1.8250 ns/op
OverheadActual   5: 16384 op, 23600.00 ns, 1.4404 ns/op
OverheadActual   6: 16384 op, 24100.00 ns, 1.4709 ns/op
OverheadActual   7: 16384 op, 23800.00 ns, 1.4526 ns/op
OverheadActual   8: 16384 op, 23800.00 ns, 1.4526 ns/op
OverheadActual   9: 16384 op, 23600.00 ns, 1.4404 ns/op
OverheadActual  10: 16384 op, 29700.00 ns, 1.8127 ns/op
OverheadActual  11: 16384 op, 23500.00 ns, 1.4343 ns/op
OverheadActual  12: 16384 op, 25200.00 ns, 1.5381 ns/op
OverheadActual  13: 16384 op, 23400.00 ns, 1.4282 ns/op
OverheadActual  14: 16384 op, 23900.00 ns, 1.4587 ns/op
OverheadActual  15: 16384 op, 29700.00 ns, 1.8127 ns/op
OverheadActual  16: 16384 op, 24400.00 ns, 1.4893 ns/op
OverheadActual  17: 16384 op, 23700.00 ns, 1.4465 ns/op

WorkloadWarmup   1: 16384 op, 538803200.00 ns, 32.8859 us/op
WorkloadWarmup   2: 16384 op, 520895000.00 ns, 31.7929 us/op
WorkloadWarmup   3: 16384 op, 523817800.00 ns, 31.9713 us/op
WorkloadWarmup   4: 16384 op, 534250500.00 ns, 32.6081 us/op
WorkloadWarmup   5: 16384 op, 551572200.00 ns, 33.6653 us/op
WorkloadWarmup   6: 16384 op, 522627600.00 ns, 31.8987 us/op
WorkloadWarmup   7: 16384 op, 523861000.00 ns, 31.9739 us/op
WorkloadWarmup   8: 16384 op, 520077400.00 ns, 31.7430 us/op

// BeforeActualRun
WorkloadActual   1: 16384 op, 540913100.00 ns, 33.0147 us/op
WorkloadActual   2: 16384 op, 524688900.00 ns, 32.0245 us/op
WorkloadActual   3: 16384 op, 526999600.00 ns, 32.1655 us/op
WorkloadActual   4: 16384 op, 533410400.00 ns, 32.5568 us/op
WorkloadActual   5: 16384 op, 634412800.00 ns, 38.7215 us/op
WorkloadActual   6: 16384 op, 576001600.00 ns, 35.1563 us/op
WorkloadActual   7: 16384 op, 633482000.00 ns, 38.6647 us/op
WorkloadActual   8: 16384 op, 578101500.00 ns, 35.2845 us/op
WorkloadActual   9: 16384 op, 515513500.00 ns, 31.4644 us/op
WorkloadActual  10: 16384 op, 531419600.00 ns, 32.4353 us/op
WorkloadActual  11: 16384 op, 514592100.00 ns, 31.4082 us/op
WorkloadActual  12: 16384 op, 603583400.00 ns, 36.8398 us/op
WorkloadActual  13: 16384 op, 621736000.00 ns, 37.9478 us/op
WorkloadActual  14: 16384 op, 608713500.00 ns, 37.1529 us/op
WorkloadActual  15: 16384 op, 602790500.00 ns, 36.7914 us/op
WorkloadActual  16: 16384 op, 599251100.00 ns, 36.5754 us/op
WorkloadActual  17: 16384 op, 525740800.00 ns, 32.0887 us/op
WorkloadActual  18: 16384 op, 573917800.00 ns, 35.0292 us/op
WorkloadActual  19: 16384 op, 631221400.00 ns, 38.5267 us/op
WorkloadActual  20: 16384 op, 636206300.00 ns, 38.8310 us/op
WorkloadActual  21: 16384 op, 637381200.00 ns, 38.9027 us/op
WorkloadActual  22: 16384 op, 644203100.00 ns, 39.3190 us/op
WorkloadActual  23: 16384 op, 639092300.00 ns, 39.0071 us/op
WorkloadActual  24: 16384 op, 618414700.00 ns, 37.7450 us/op
WorkloadActual  25: 16384 op, 642137300.00 ns, 39.1930 us/op
WorkloadActual  26: 16384 op, 637610800.00 ns, 38.9167 us/op
WorkloadActual  27: 16384 op, 644078700.00 ns, 39.3114 us/op
WorkloadActual  28: 16384 op, 628938700.00 ns, 38.3874 us/op
WorkloadActual  29: 16384 op, 627619300.00 ns, 38.3068 us/op
WorkloadActual  30: 16384 op, 618661200.00 ns, 37.7601 us/op
WorkloadActual  31: 16384 op, 641562600.00 ns, 39.1579 us/op
WorkloadActual  32: 16384 op, 548442600.00 ns, 33.4743 us/op
WorkloadActual  33: 16384 op, 533958200.00 ns, 32.5902 us/op
WorkloadActual  34: 16384 op, 536836600.00 ns, 32.7659 us/op
WorkloadActual  35: 16384 op, 573312000.00 ns, 34.9922 us/op
WorkloadActual  36: 16384 op, 553977000.00 ns, 33.8121 us/op
WorkloadActual  37: 16384 op, 522539500.00 ns, 31.8933 us/op
WorkloadActual  38: 16384 op, 520027400.00 ns, 31.7400 us/op
WorkloadActual  39: 16384 op, 513151700.00 ns, 31.3203 us/op
WorkloadActual  40: 16384 op, 558664500.00 ns, 34.0982 us/op
WorkloadActual  41: 16384 op, 528574400.00 ns, 32.2616 us/op
WorkloadActual  42: 16384 op, 539904000.00 ns, 32.9531 us/op
WorkloadActual  43: 16384 op, 523444300.00 ns, 31.9485 us/op
WorkloadActual  44: 16384 op, 548915100.00 ns, 33.5031 us/op
WorkloadActual  45: 16384 op, 518391800.00 ns, 31.6401 us/op
WorkloadActual  46: 16384 op, 521868200.00 ns, 31.8523 us/op
WorkloadActual  47: 16384 op, 524174400.00 ns, 31.9931 us/op
WorkloadActual  48: 16384 op, 532711400.00 ns, 32.5141 us/op
WorkloadActual  49: 16384 op, 521301600.00 ns, 31.8177 us/op
WorkloadActual  50: 16384 op, 562443800.00 ns, 34.3288 us/op
WorkloadActual  51: 16384 op, 528829500.00 ns, 32.2772 us/op
WorkloadActual  52: 16384 op, 524204300.00 ns, 31.9949 us/op
WorkloadActual  53: 16384 op, 541147000.00 ns, 33.0290 us/op
WorkloadActual  54: 16384 op, 513824900.00 ns, 31.3614 us/op
WorkloadActual  55: 16384 op, 529167600.00 ns, 32.2978 us/op
WorkloadActual  56: 16384 op, 637707000.00 ns, 38.9225 us/op
WorkloadActual  57: 16384 op, 631326600.00 ns, 38.5331 us/op
WorkloadActual  58: 16384 op, 518335100.00 ns, 31.6367 us/op
WorkloadActual  59: 16384 op, 634649700.00 ns, 38.7359 us/op
WorkloadActual  60: 16384 op, 639163300.00 ns, 39.0114 us/op
WorkloadActual  61: 16384 op, 636075000.00 ns, 38.8229 us/op
WorkloadActual  62: 16384 op, 646778400.00 ns, 39.4762 us/op
WorkloadActual  63: 16384 op, 642832500.00 ns, 39.2354 us/op
WorkloadActual  64: 16384 op, 630859800.00 ns, 38.5046 us/op
WorkloadActual  65: 16384 op, 636626900.00 ns, 38.8566 us/op
WorkloadActual  66: 16384 op, 520522100.00 ns, 31.7701 us/op
WorkloadActual  67: 16384 op, 627891800.00 ns, 38.3235 us/op
WorkloadActual  68: 16384 op, 644197800.00 ns, 39.3187 us/op
WorkloadActual  69: 16384 op, 622332400.00 ns, 37.9842 us/op
WorkloadActual  70: 16384 op, 637726700.00 ns, 38.9237 us/op
WorkloadActual  71: 16384 op, 618841400.00 ns, 37.7711 us/op
WorkloadActual  72: 16384 op, 536780700.00 ns, 32.7625 us/op
WorkloadActual  73: 16384 op, 521763100.00 ns, 31.8459 us/op
WorkloadActual  74: 16384 op, 514950600.00 ns, 31.4301 us/op
WorkloadActual  75: 16384 op, 552403600.00 ns, 33.7160 us/op
WorkloadActual  76: 16384 op, 535015400.00 ns, 32.6547 us/op
WorkloadActual  77: 16384 op, 528534900.00 ns, 32.2592 us/op
WorkloadActual  78: 16384 op, 571112000.00 ns, 34.8579 us/op
WorkloadActual  79: 16384 op, 644809800.00 ns, 39.3561 us/op
WorkloadActual  80: 16384 op, 589188900.00 ns, 35.9612 us/op
WorkloadActual  81: 16384 op, 621378600.00 ns, 37.9259 us/op
WorkloadActual  82: 16384 op, 600009900.00 ns, 36.6217 us/op
WorkloadActual  83: 16384 op, 636587800.00 ns, 38.8542 us/op
WorkloadActual  84: 16384 op, 613658600.00 ns, 37.4547 us/op
WorkloadActual  85: 16384 op, 644104700.00 ns, 39.3130 us/op
WorkloadActual  86: 16384 op, 553697200.00 ns, 33.7950 us/op
WorkloadActual  87: 16384 op, 611570500.00 ns, 37.3273 us/op
WorkloadActual  88: 16384 op, 630909400.00 ns, 38.5077 us/op
WorkloadActual  89: 16384 op, 626535300.00 ns, 38.2407 us/op
WorkloadActual  90: 16384 op, 598198300.00 ns, 36.5111 us/op
WorkloadActual  91: 16384 op, 529693000.00 ns, 32.3299 us/op
WorkloadActual  92: 16384 op, 606656400.00 ns, 37.0274 us/op
WorkloadActual  93: 16384 op, 639151400.00 ns, 39.0107 us/op
WorkloadActual  94: 16384 op, 632276100.00 ns, 38.5911 us/op
WorkloadActual  95: 16384 op, 648543700.00 ns, 39.5840 us/op
WorkloadActual  96: 16384 op, 632244600.00 ns, 38.5891 us/op
WorkloadActual  97: 16384 op, 586046600.00 ns, 35.7694 us/op
WorkloadActual  98: 16384 op, 639253400.00 ns, 39.0169 us/op
WorkloadActual  99: 16384 op, 630812200.00 ns, 38.5017 us/op
WorkloadActual  100: 16384 op, 639251400.00 ns, 39.0168 us/op

// AfterActualRun
WorkloadResult   1: 16384 op, 540889200.00 ns, 33.0133 us/op
WorkloadResult   2: 16384 op, 524665000.00 ns, 32.0230 us/op
WorkloadResult   3: 16384 op, 526975700.00 ns, 32.1640 us/op
WorkloadResult   4: 16384 op, 533386500.00 ns, 32.5553 us/op
WorkloadResult   5: 16384 op, 634388900.00 ns, 38.7200 us/op
WorkloadResult   6: 16384 op, 575977700.00 ns, 35.1549 us/op
WorkloadResult   7: 16384 op, 633458100.00 ns, 38.6632 us/op
WorkloadResult   8: 16384 op, 578077600.00 ns, 35.2831 us/op
WorkloadResult   9: 16384 op, 515489600.00 ns, 31.4630 us/op
WorkloadResult  10: 16384 op, 531395700.00 ns, 32.4338 us/op
WorkloadResult  11: 16384 op, 514568200.00 ns, 31.4068 us/op
WorkloadResult  12: 16384 op, 603559500.00 ns, 36.8383 us/op
WorkloadResult  13: 16384 op, 621712100.00 ns, 37.9463 us/op
WorkloadResult  14: 16384 op, 608689600.00 ns, 37.1515 us/op
WorkloadResult  15: 16384 op, 602766600.00 ns, 36.7900 us/op
WorkloadResult  16: 16384 op, 599227200.00 ns, 36.5739 us/op
WorkloadResult  17: 16384 op, 525716900.00 ns, 32.0872 us/op
WorkloadResult  18: 16384 op, 573893900.00 ns, 35.0277 us/op
WorkloadResult  19: 16384 op, 631197500.00 ns, 38.5252 us/op
WorkloadResult  20: 16384 op, 636182400.00 ns, 38.8295 us/op
WorkloadResult  21: 16384 op, 637357300.00 ns, 38.9012 us/op
WorkloadResult  22: 16384 op, 644179200.00 ns, 39.3176 us/op
WorkloadResult  23: 16384 op, 639068400.00 ns, 39.0056 us/op
WorkloadResult  24: 16384 op, 618390800.00 ns, 37.7436 us/op
WorkloadResult  25: 16384 op, 642113400.00 ns, 39.1915 us/op
WorkloadResult  26: 16384 op, 637586900.00 ns, 38.9152 us/op
WorkloadResult  27: 16384 op, 644054800.00 ns, 39.3100 us/op
WorkloadResult  28: 16384 op, 628914800.00 ns, 38.3859 us/op
WorkloadResult  29: 16384 op, 627595400.00 ns, 38.3054 us/op
WorkloadResult  30: 16384 op, 618637300.00 ns, 37.7586 us/op
WorkloadResult  31: 16384 op, 641538700.00 ns, 39.1564 us/op
WorkloadResult  32: 16384 op, 548418700.00 ns, 33.4728 us/op
WorkloadResult  33: 16384 op, 533934300.00 ns, 32.5888 us/op
WorkloadResult  34: 16384 op, 536812700.00 ns, 32.7644 us/op
WorkloadResult  35: 16384 op, 573288100.00 ns, 34.9907 us/op
WorkloadResult  36: 16384 op, 553953100.00 ns, 33.8106 us/op
WorkloadResult  37: 16384 op, 522515600.00 ns, 31.8918 us/op
WorkloadResult  38: 16384 op, 520003500.00 ns, 31.7385 us/op
WorkloadResult  39: 16384 op, 513127800.00 ns, 31.3188 us/op
WorkloadResult  40: 16384 op, 558640600.00 ns, 34.0967 us/op
WorkloadResult  41: 16384 op, 528550500.00 ns, 32.2602 us/op
WorkloadResult  42: 16384 op, 539880100.00 ns, 32.9517 us/op
WorkloadResult  43: 16384 op, 523420400.00 ns, 31.9470 us/op
WorkloadResult  44: 16384 op, 548891200.00 ns, 33.5017 us/op
WorkloadResult  45: 16384 op, 518367900.00 ns, 31.6387 us/op
WorkloadResult  46: 16384 op, 521844300.00 ns, 31.8508 us/op
WorkloadResult  47: 16384 op, 524150500.00 ns, 31.9916 us/op
WorkloadResult  48: 16384 op, 532687500.00 ns, 32.5127 us/op
WorkloadResult  49: 16384 op, 521277700.00 ns, 31.8163 us/op
WorkloadResult  50: 16384 op, 562419900.00 ns, 34.3274 us/op
WorkloadResult  51: 16384 op, 528805600.00 ns, 32.2757 us/op
WorkloadResult  52: 16384 op, 524180400.00 ns, 31.9934 us/op
WorkloadResult  53: 16384 op, 541123100.00 ns, 33.0275 us/op
WorkloadResult  54: 16384 op, 513801000.00 ns, 31.3599 us/op
WorkloadResult  55: 16384 op, 529143700.00 ns, 32.2964 us/op
WorkloadResult  56: 16384 op, 637683100.00 ns, 38.9211 us/op
WorkloadResult  57: 16384 op, 631302700.00 ns, 38.5317 us/op
WorkloadResult  58: 16384 op, 518311200.00 ns, 31.6352 us/op
WorkloadResult  59: 16384 op, 634625800.00 ns, 38.7345 us/op
WorkloadResult  60: 16384 op, 639139400.00 ns, 39.0100 us/op
WorkloadResult  61: 16384 op, 636051100.00 ns, 38.8215 us/op
WorkloadResult  62: 16384 op, 646754500.00 ns, 39.4748 us/op
WorkloadResult  63: 16384 op, 642808600.00 ns, 39.2339 us/op
WorkloadResult  64: 16384 op, 630835900.00 ns, 38.5032 us/op
WorkloadResult  65: 16384 op, 636603000.00 ns, 38.8552 us/op
WorkloadResult  66: 16384 op, 520498200.00 ns, 31.7687 us/op
WorkloadResult  67: 16384 op, 627867900.00 ns, 38.3220 us/op
WorkloadResult  68: 16384 op, 644173900.00 ns, 39.3173 us/op
WorkloadResult  69: 16384 op, 622308500.00 ns, 37.9827 us/op
WorkloadResult  70: 16384 op, 637702800.00 ns, 38.9223 us/op
WorkloadResult  71: 16384 op, 618817500.00 ns, 37.7696 us/op
WorkloadResult  72: 16384 op, 536756800.00 ns, 32.7610 us/op
WorkloadResult  73: 16384 op, 521739200.00 ns, 31.8444 us/op
WorkloadResult  74: 16384 op, 514926700.00 ns, 31.4286 us/op
WorkloadResult  75: 16384 op, 552379700.00 ns, 33.7146 us/op
WorkloadResult  76: 16384 op, 534991500.00 ns, 32.6533 us/op
WorkloadResult  77: 16384 op, 528511000.00 ns, 32.2578 us/op
WorkloadResult  78: 16384 op, 571088100.00 ns, 34.8565 us/op
WorkloadResult  79: 16384 op, 644785900.00 ns, 39.3546 us/op
WorkloadResult  80: 16384 op, 589165000.00 ns, 35.9598 us/op
WorkloadResult  81: 16384 op, 621354700.00 ns, 37.9245 us/op
WorkloadResult  82: 16384 op, 599986000.00 ns, 36.6202 us/op
WorkloadResult  83: 16384 op, 636563900.00 ns, 38.8528 us/op
WorkloadResult  84: 16384 op, 613634700.00 ns, 37.4533 us/op
WorkloadResult  85: 16384 op, 644080800.00 ns, 39.3116 us/op
WorkloadResult  86: 16384 op, 553673300.00 ns, 33.7935 us/op
WorkloadResult  87: 16384 op, 611546600.00 ns, 37.3258 us/op
WorkloadResult  88: 16384 op, 630885500.00 ns, 38.5062 us/op
WorkloadResult  89: 16384 op, 626511400.00 ns, 38.2392 us/op
WorkloadResult  90: 16384 op, 598174400.00 ns, 36.5097 us/op
WorkloadResult  91: 16384 op, 529669100.00 ns, 32.3284 us/op
WorkloadResult  92: 16384 op, 606632500.00 ns, 37.0259 us/op
WorkloadResult  93: 16384 op, 639127500.00 ns, 39.0092 us/op
WorkloadResult  94: 16384 op, 632252200.00 ns, 38.5896 us/op
WorkloadResult  95: 16384 op, 648519800.00 ns, 39.5825 us/op
WorkloadResult  96: 16384 op, 632220700.00 ns, 38.5877 us/op
WorkloadResult  97: 16384 op, 586022700.00 ns, 35.7680 us/op
WorkloadResult  98: 16384 op, 639229500.00 ns, 39.0155 us/op
WorkloadResult  99: 16384 op, 630788300.00 ns, 38.5003 us/op
WorkloadResult  100: 16384 op, 639227500.00 ns, 39.0154 us/op
// GC:  21 0 0 355206624 16384
// Threading:  0 0 16384

// AfterAll
// Benchmark Process 63236 has exited with code 0.

Mean = 35.737 μs, StdErr = 0.300 μs (0.84%), N = 100, StdDev = 3.001 μs
Min = 31.319 μs, Q1 = 32.493 μs, Median = 36.597 μs, Q3 = 38.677 μs, Max = 39.583 μs
IQR = 6.184 μs, LowerFence = 23.216 μs, UpperFence = 47.954 μs
ConfidenceInterval = [34.719 μs; 36.754 μs] (CI 99.9%), Margin = 1.018 μs (2.85% of Mean)
Skewness = -0.18, Kurtosis = 1.3, MValue = 3.31

// ** Remained 32 (76.2%) benchmark(s) to run. Estimated finish 2026-08-18 15:43 (0h 19m from now) **
Setup power plan (GUID: 8c5e7fda-e8bf-4a96-9a85-a6e23a8c635c FriendlyName: High performance)
// **************************
// Benchmark: NamedPipesBenchmarks.NpCxOut: .NET 6.0(Runtime=.NET 6.0)
// *** Execute ***
// Launch: 1 / 1
// Execute: dotnet 28b8886a-3d8c-41cc-bc62-dd7109f66270.dll --anonymousPipes 3732 3812 --benchmarkName ServiceWire.Benchmarks.NamedPipesBenchmarks.NpCxOut --job ".NET 6.0" --benchmarkId 6 in d:\code\Github\ServiceWire\src\Benchmarks\ServiceWire.Benchmarks\bin\Release\net8.0\28b8886a-3d8c-41cc-bc62-dd7109f66270\bin\Release\net6.0
// BeforeAnythingElse

// Benchmark Process Environment Information:
// BenchmarkDotNet v0.14.0
// Runtime=.NET 6.0.36 (6.0.3624.51421), X64 RyuJIT AVX2
// GC=Concurrent Workstation
// HardwareIntrinsics=AVX2,AES,BMI1,BMI2,FMA,LZCNT,PCLMUL,POPCNT VectorSize=256
// Job: .NET 6.0

OverheadJitting  1: 1 op, 143100.00 ns, 143.1000 us/op
WorkloadJitting  1: 1 op, 26223700.00 ns, 26.2237 ms/op

OverheadJitting  2: 16 op, 125200.00 ns, 7.8250 us/op
WorkloadJitting  2: 16 op, 951100.00 ns, 59.4438 us/op

WorkloadPilot    1: 16 op, 683200.00 ns, 42.7000 us/op
WorkloadPilot    2: 32 op, 1433700.00 ns, 44.8031 us/op
WorkloadPilot    3: 64 op, 2275900.00 ns, 35.5609 us/op
WorkloadPilot    4: 128 op, 4926500.00 ns, 38.4883 us/op
WorkloadPilot    5: 256 op, 8219100.00 ns, 32.1059 us/op
WorkloadPilot    6: 512 op, 17367000.00 ns, 33.9199 us/op
WorkloadPilot    7: 1024 op, 35075800.00 ns, 34.2537 us/op
WorkloadPilot    8: 2048 op, 72051500.00 ns, 35.1814 us/op
WorkloadPilot    9: 4096 op, 133337900.00 ns, 32.5532 us/op
WorkloadPilot   10: 8192 op, 215100200.00 ns, 26.2573 us/op
WorkloadPilot   11: 16384 op, 367063200.00 ns, 22.4038 us/op
WorkloadPilot   12: 32768 op, 739382500.00 ns, 22.5642 us/op

OverheadWarmup   1: 32768 op, 51900.00 ns, 1.5839 ns/op
OverheadWarmup   2: 32768 op, 59000.00 ns, 1.8005 ns/op
OverheadWarmup   3: 32768 op, 51300.00 ns, 1.5656 ns/op
OverheadWarmup   4: 32768 op, 50600.00 ns, 1.5442 ns/op
OverheadWarmup   5: 32768 op, 51200.00 ns, 1.5625 ns/op
OverheadWarmup   6: 32768 op, 50900.00 ns, 1.5533 ns/op

OverheadActual   1: 32768 op, 51200.00 ns, 1.5625 ns/op
OverheadActual   2: 32768 op, 50800.00 ns, 1.5503 ns/op
OverheadActual   3: 32768 op, 64000.00 ns, 1.9531 ns/op
OverheadActual   4: 32768 op, 50800.00 ns, 1.5503 ns/op
OverheadActual   5: 32768 op, 63900.00 ns, 1.9501 ns/op
OverheadActual   6: 32768 op, 50800.00 ns, 1.5503 ns/op
OverheadActual   7: 32768 op, 51100.00 ns, 1.5594 ns/op
OverheadActual   8: 32768 op, 51200.00 ns, 1.5625 ns/op
OverheadActual   9: 32768 op, 51100.00 ns, 1.5594 ns/op
OverheadActual  10: 32768 op, 50900.00 ns, 1.5533 ns/op
OverheadActual  11: 32768 op, 51100.00 ns, 1.5594 ns/op
OverheadActual  12: 32768 op, 50700.00 ns, 1.5472 ns/op
OverheadActual  13: 32768 op, 54200.00 ns, 1.6541 ns/op
OverheadActual  14: 32768 op, 67200.00 ns, 2.0508 ns/op
OverheadActual  15: 32768 op, 51200.00 ns, 1.5625 ns/op

WorkloadWarmup   1: 32768 op, 678926400.00 ns, 20.7192 us/op
WorkloadWarmup   2: 32768 op, 702303200.00 ns, 21.4326 us/op
WorkloadWarmup   3: 32768 op, 788900800.00 ns, 24.0753 us/op
WorkloadWarmup   4: 32768 op, 924074500.00 ns, 28.2005 us/op
WorkloadWarmup   5: 32768 op, 933015300.00 ns, 28.4734 us/op
WorkloadWarmup   6: 32768 op, 901793300.00 ns, 27.5205 us/op
WorkloadWarmup   7: 32768 op, 923285400.00 ns, 28.1764 us/op
WorkloadWarmup   8: 32768 op, 928027400.00 ns, 28.3211 us/op
WorkloadWarmup   9: 32768 op, 910001800.00 ns, 27.7711 us/op

// BeforeActualRun
WorkloadActual   1: 32768 op, 892660400.00 ns, 27.2418 us/op
WorkloadActual   2: 32768 op, 913580900.00 ns, 27.8803 us/op
WorkloadActual   3: 32768 op, 894395300.00 ns, 27.2948 us/op
WorkloadActual   4: 32768 op, 877391200.00 ns, 26.7759 us/op
WorkloadActual   5: 32768 op, 900507700.00 ns, 27.4813 us/op
WorkloadActual   6: 32768 op, 926988900.00 ns, 28.2895 us/op
WorkloadActual   7: 32768 op, 915769000.00 ns, 27.9471 us/op
WorkloadActual   8: 32768 op, 900959600.00 ns, 27.4951 us/op
WorkloadActual   9: 32768 op, 896931500.00 ns, 27.3722 us/op
WorkloadActual  10: 32768 op, 892842400.00 ns, 27.2474 us/op
WorkloadActual  11: 32768 op, 897330400.00 ns, 27.3844 us/op
WorkloadActual  12: 32768 op, 868742100.00 ns, 26.5119 us/op
WorkloadActual  13: 32768 op, 710964100.00 ns, 21.6969 us/op
WorkloadActual  14: 32768 op, 713316600.00 ns, 21.7687 us/op
WorkloadActual  15: 32768 op, 866271600.00 ns, 26.4365 us/op
WorkloadActual  16: 32768 op, 922905600.00 ns, 28.1648 us/op
WorkloadActual  17: 32768 op, 933869400.00 ns, 28.4994 us/op
WorkloadActual  18: 32768 op, 929102700.00 ns, 28.3540 us/op
WorkloadActual  19: 32768 op, 910444200.00 ns, 27.7846 us/op
WorkloadActual  20: 32768 op, 915329000.00 ns, 27.9336 us/op
WorkloadActual  21: 32768 op, 890659500.00 ns, 27.1808 us/op
WorkloadActual  22: 32768 op, 905259200.00 ns, 27.6263 us/op
WorkloadActual  23: 32768 op, 906844400.00 ns, 27.6747 us/op
WorkloadActual  24: 32768 op, 823691800.00 ns, 25.1371 us/op
WorkloadActual  25: 32768 op, 695619500.00 ns, 21.2286 us/op
WorkloadActual  26: 32768 op, 794015000.00 ns, 24.2314 us/op
WorkloadActual  27: 32768 op, 906297700.00 ns, 27.6580 us/op
WorkloadActual  28: 32768 op, 848309800.00 ns, 25.8884 us/op
WorkloadActual  29: 32768 op, 841825800.00 ns, 25.6905 us/op
WorkloadActual  30: 32768 op, 917228600.00 ns, 27.9916 us/op
WorkloadActual  31: 32768 op, 761194900.00 ns, 23.2298 us/op
WorkloadActual  32: 32768 op, 938980800.00 ns, 28.6554 us/op
WorkloadActual  33: 32768 op, 747869900.00 ns, 22.8232 us/op
WorkloadActual  34: 32768 op, 790087500.00 ns, 24.1116 us/op
WorkloadActual  35: 32768 op, 905256100.00 ns, 27.6262 us/op
WorkloadActual  36: 32768 op, 834517600.00 ns, 25.4675 us/op
WorkloadActual  37: 32768 op, 756765500.00 ns, 23.0947 us/op
WorkloadActual  38: 32768 op, 743436400.00 ns, 22.6879 us/op
WorkloadActual  39: 32768 op, 882300100.00 ns, 26.9257 us/op
WorkloadActual  40: 32768 op, 785253100.00 ns, 23.9640 us/op
WorkloadActual  41: 32768 op, 902544700.00 ns, 27.5435 us/op
WorkloadActual  42: 32768 op, 888158300.00 ns, 27.1044 us/op
WorkloadActual  43: 32768 op, 912964100.00 ns, 27.8615 us/op
WorkloadActual  44: 32768 op, 930021300.00 ns, 28.3820 us/op
WorkloadActual  45: 32768 op, 915030500.00 ns, 27.9245 us/op
WorkloadActual  46: 32768 op, 860754300.00 ns, 26.2681 us/op
WorkloadActual  47: 32768 op, 710610200.00 ns, 21.6861 us/op
WorkloadActual  48: 32768 op, 779674300.00 ns, 23.7938 us/op
WorkloadActual  49: 32768 op, 844597200.00 ns, 25.7751 us/op
WorkloadActual  50: 32768 op, 843202600.00 ns, 25.7325 us/op
WorkloadActual  51: 32768 op, 862922400.00 ns, 26.3343 us/op
WorkloadActual  52: 32768 op, 769358800.00 ns, 23.4790 us/op
WorkloadActual  53: 32768 op, 913113200.00 ns, 27.8660 us/op
WorkloadActual  54: 32768 op, 874361900.00 ns, 26.6834 us/op
WorkloadActual  55: 32768 op, 902753900.00 ns, 27.5499 us/op
WorkloadActual  56: 32768 op, 911894200.00 ns, 27.8288 us/op
WorkloadActual  57: 32768 op, 824895300.00 ns, 25.1738 us/op
WorkloadActual  58: 32768 op, 712786900.00 ns, 21.7525 us/op
WorkloadActual  59: 32768 op, 859137700.00 ns, 26.2188 us/op
WorkloadActual  60: 32768 op, 864215700.00 ns, 26.3738 us/op
WorkloadActual  61: 32768 op, 729173200.00 ns, 22.2526 us/op
WorkloadActual  62: 32768 op, 703073500.00 ns, 21.4561 us/op
WorkloadActual  63: 32768 op, 692505100.00 ns, 21.1336 us/op
WorkloadActual  64: 32768 op, 768927100.00 ns, 23.4658 us/op
WorkloadActual  65: 32768 op, 702770000.00 ns, 21.4468 us/op
WorkloadActual  66: 32768 op, 723942000.00 ns, 22.0930 us/op
WorkloadActual  67: 32768 op, 747332600.00 ns, 22.8068 us/op
WorkloadActual  68: 32768 op, 727207200.00 ns, 22.1926 us/op
WorkloadActual  69: 32768 op, 718266700.00 ns, 21.9198 us/op
WorkloadActual  70: 32768 op, 730594300.00 ns, 22.2960 us/op
WorkloadActual  71: 32768 op, 698603100.00 ns, 21.3197 us/op
WorkloadActual  72: 32768 op, 703741700.00 ns, 21.4765 us/op
WorkloadActual  73: 32768 op, 715800600.00 ns, 21.8445 us/op
WorkloadActual  74: 32768 op, 732950200.00 ns, 22.3679 us/op
WorkloadActual  75: 32768 op, 810324800.00 ns, 24.7292 us/op
WorkloadActual  76: 32768 op, 738032900.00 ns, 22.5230 us/op
WorkloadActual  77: 32768 op, 692413000.00 ns, 21.1308 us/op
WorkloadActual  78: 32768 op, 727279900.00 ns, 22.1948 us/op
WorkloadActual  79: 32768 op, 872971700.00 ns, 26.6410 us/op
WorkloadActual  80: 32768 op, 921603900.00 ns, 28.1251 us/op
WorkloadActual  81: 32768 op, 913346400.00 ns, 27.8731 us/op
WorkloadActual  82: 32768 op, 906395200.00 ns, 27.6610 us/op
WorkloadActual  83: 32768 op, 791788000.00 ns, 24.1635 us/op
WorkloadActual  84: 32768 op, 914504800.00 ns, 27.9085 us/op
WorkloadActual  85: 32768 op, 920308200.00 ns, 28.0856 us/op
WorkloadActual  86: 32768 op, 915082300.00 ns, 27.9261 us/op
WorkloadActual  87: 32768 op, 925939700.00 ns, 28.2574 us/op
WorkloadActual  88: 32768 op, 840413200.00 ns, 25.6474 us/op
WorkloadActual  89: 32768 op, 755254900.00 ns, 23.0486 us/op
WorkloadActual  90: 32768 op, 887400500.00 ns, 27.0813 us/op
WorkloadActual  91: 32768 op, 905875000.00 ns, 27.6451 us/op
WorkloadActual  92: 32768 op, 920047600.00 ns, 28.0776 us/op
WorkloadActual  93: 32768 op, 919178800.00 ns, 28.0511 us/op
WorkloadActual  94: 32768 op, 900608000.00 ns, 27.4844 us/op
WorkloadActual  95: 32768 op, 891814200.00 ns, 27.2160 us/op
WorkloadActual  96: 32768 op, 914518100.00 ns, 27.9089 us/op
WorkloadActual  97: 32768 op, 915287600.00 ns, 27.9324 us/op
WorkloadActual  98: 32768 op, 925835600.00 ns, 28.2543 us/op
WorkloadActual  99: 32768 op, 910628700.00 ns, 27.7902 us/op
WorkloadActual  100: 32768 op, 872001600.00 ns, 26.6114 us/op

// AfterActualRun
WorkloadResult   1: 32768 op, 892609300.00 ns, 27.2403 us/op
WorkloadResult   2: 32768 op, 913529800.00 ns, 27.8787 us/op
WorkloadResult   3: 32768 op, 894344200.00 ns, 27.2932 us/op
WorkloadResult   4: 32768 op, 877340100.00 ns, 26.7743 us/op
WorkloadResult   5: 32768 op, 900456600.00 ns, 27.4798 us/op
WorkloadResult   6: 32768 op, 926937800.00 ns, 28.2879 us/op
WorkloadResult   7: 32768 op, 915717900.00 ns, 27.9455 us/op
WorkloadResult   8: 32768 op, 900908500.00 ns, 27.4935 us/op
WorkloadResult   9: 32768 op, 896880400.00 ns, 27.3706 us/op
WorkloadResult  10: 32768 op, 892791300.00 ns, 27.2458 us/op
WorkloadResult  11: 32768 op, 897279300.00 ns, 27.3828 us/op
WorkloadResult  12: 32768 op, 868691000.00 ns, 26.5103 us/op
WorkloadResult  13: 32768 op, 710913000.00 ns, 21.6953 us/op
WorkloadResult  14: 32768 op, 713265500.00 ns, 21.7671 us/op
WorkloadResult  15: 32768 op, 866220500.00 ns, 26.4350 us/op
WorkloadResult  16: 32768 op, 922854500.00 ns, 28.1633 us/op
WorkloadResult  17: 32768 op, 933818300.00 ns, 28.4979 us/op
WorkloadResult  18: 32768 op, 929051600.00 ns, 28.3524 us/op
WorkloadResult  19: 32768 op, 910393100.00 ns, 27.7830 us/op
WorkloadResult  20: 32768 op, 915277900.00 ns, 27.9321 us/op
WorkloadResult  21: 32768 op, 890608400.00 ns, 27.1792 us/op
WorkloadResult  22: 32768 op, 905208100.00 ns, 27.6248 us/op
WorkloadResult  23: 32768 op, 906793300.00 ns, 27.6731 us/op
WorkloadResult  24: 32768 op, 823640700.00 ns, 25.1355 us/op
WorkloadResult  25: 32768 op, 695568400.00 ns, 21.2271 us/op
WorkloadResult  26: 32768 op, 793963900.00 ns, 24.2299 us/op
WorkloadResult  27: 32768 op, 906246600.00 ns, 27.6565 us/op
WorkloadResult  28: 32768 op, 848258700.00 ns, 25.8868 us/op
WorkloadResult  29: 32768 op, 841774700.00 ns, 25.6889 us/op
WorkloadResult  30: 32768 op, 917177500.00 ns, 27.9900 us/op
WorkloadResult  31: 32768 op, 761143800.00 ns, 23.2283 us/op
WorkloadResult  32: 32768 op, 938929700.00 ns, 28.6539 us/op
WorkloadResult  33: 32768 op, 747818800.00 ns, 22.8216 us/op
WorkloadResult  34: 32768 op, 790036400.00 ns, 24.1100 us/op
WorkloadResult  35: 32768 op, 905205000.00 ns, 27.6247 us/op
WorkloadResult  36: 32768 op, 834466500.00 ns, 25.4659 us/op
WorkloadResult  37: 32768 op, 756714400.00 ns, 23.0931 us/op
WorkloadResult  38: 32768 op, 743385300.00 ns, 22.6863 us/op
WorkloadResult  39: 32768 op, 882249000.00 ns, 26.9241 us/op
WorkloadResult  40: 32768 op, 785202000.00 ns, 23.9625 us/op
WorkloadResult  41: 32768 op, 902493600.00 ns, 27.5419 us/op
WorkloadResult  42: 32768 op, 888107200.00 ns, 27.1029 us/op
WorkloadResult  43: 32768 op, 912913000.00 ns, 27.8599 us/op
WorkloadResult  44: 32768 op, 929970200.00 ns, 28.3804 us/op
WorkloadResult  45: 32768 op, 914979400.00 ns, 27.9230 us/op
WorkloadResult  46: 32768 op, 860703200.00 ns, 26.2666 us/op
WorkloadResult  47: 32768 op, 710559100.00 ns, 21.6845 us/op
WorkloadResult  48: 32768 op, 779623200.00 ns, 23.7922 us/op
WorkloadResult  49: 32768 op, 844546100.00 ns, 25.7735 us/op
WorkloadResult  50: 32768 op, 843151500.00 ns, 25.7309 us/op
WorkloadResult  51: 32768 op, 862871300.00 ns, 26.3327 us/op
WorkloadResult  52: 32768 op, 769307700.00 ns, 23.4774 us/op
WorkloadResult  53: 32768 op, 913062100.00 ns, 27.8644 us/op
WorkloadResult  54: 32768 op, 874310800.00 ns, 26.6818 us/op
WorkloadResult  55: 32768 op, 902702800.00 ns, 27.5483 us/op
WorkloadResult  56: 32768 op, 911843100.00 ns, 27.8272 us/op
WorkloadResult  57: 32768 op, 824844200.00 ns, 25.1722 us/op
WorkloadResult  58: 32768 op, 712735800.00 ns, 21.7510 us/op
WorkloadResult  59: 32768 op, 859086600.00 ns, 26.2172 us/op
WorkloadResult  60: 32768 op, 864164600.00 ns, 26.3722 us/op
WorkloadResult  61: 32768 op, 729122100.00 ns, 22.2510 us/op
WorkloadResult  62: 32768 op, 703022400.00 ns, 21.4545 us/op
WorkloadResult  63: 32768 op, 692454000.00 ns, 21.1320 us/op
WorkloadResult  64: 32768 op, 768876000.00 ns, 23.4642 us/op
WorkloadResult  65: 32768 op, 702718900.00 ns, 21.4453 us/op
WorkloadResult  66: 32768 op, 723890900.00 ns, 22.0914 us/op
WorkloadResult  67: 32768 op, 747281500.00 ns, 22.8052 us/op
WorkloadResult  68: 32768 op, 727156100.00 ns, 22.1910 us/op
WorkloadResult  69: 32768 op, 718215600.00 ns, 21.9182 us/op
WorkloadResult  70: 32768 op, 730543200.00 ns, 22.2944 us/op
WorkloadResult  71: 32768 op, 698552000.00 ns, 21.3181 us/op
WorkloadResult  72: 32768 op, 703690600.00 ns, 21.4749 us/op
WorkloadResult  73: 32768 op, 715749500.00 ns, 21.8429 us/op
WorkloadResult  74: 32768 op, 732899100.00 ns, 22.3663 us/op
WorkloadResult  75: 32768 op, 810273700.00 ns, 24.7276 us/op
WorkloadResult  76: 32768 op, 737981800.00 ns, 22.5214 us/op
WorkloadResult  77: 32768 op, 692361900.00 ns, 21.1292 us/op
WorkloadResult  78: 32768 op, 727228800.00 ns, 22.1933 us/op
WorkloadResult  79: 32768 op, 872920600.00 ns, 26.6394 us/op
WorkloadResult  80: 32768 op, 921552800.00 ns, 28.1236 us/op
WorkloadResult  81: 32768 op, 913295300.00 ns, 27.8716 us/op
WorkloadResult  82: 32768 op, 906344100.00 ns, 27.6594 us/op
WorkloadResult  83: 32768 op, 791736900.00 ns, 24.1619 us/op
WorkloadResult  84: 32768 op, 914453700.00 ns, 27.9069 us/op
WorkloadResult  85: 32768 op, 920257100.00 ns, 28.0840 us/op
WorkloadResult  86: 32768 op, 915031200.00 ns, 27.9245 us/op
WorkloadResult  87: 32768 op, 925888600.00 ns, 28.2559 us/op
WorkloadResult  88: 32768 op, 840362100.00 ns, 25.6458 us/op
WorkloadResult  89: 32768 op, 755203800.00 ns, 23.0470 us/op
WorkloadResult  90: 32768 op, 887349400.00 ns, 27.0798 us/op
WorkloadResult  91: 32768 op, 905823900.00 ns, 27.6436 us/op
WorkloadResult  92: 32768 op, 919996500.00 ns, 28.0761 us/op
WorkloadResult  93: 32768 op, 919127700.00 ns, 28.0496 us/op
WorkloadResult  94: 32768 op, 900556900.00 ns, 27.4828 us/op
WorkloadResult  95: 32768 op, 891763100.00 ns, 27.2145 us/op
WorkloadResult  96: 32768 op, 914467000.00 ns, 27.9073 us/op
WorkloadResult  97: 32768 op, 915236500.00 ns, 27.9308 us/op
WorkloadResult  98: 32768 op, 925784500.00 ns, 28.2527 us/op
WorkloadResult  99: 32768 op, 910577600.00 ns, 27.7886 us/op
WorkloadResult  100: 32768 op, 871950500.00 ns, 26.6098 us/op
// GC:  5 0 0 90441184 32768
// Threading:  0 0 32768

// AfterAll
// Benchmark Process 8004 has exited with code 0.

Mean = 25.677 μs, StdErr = 0.246 μs (0.96%), N = 100, StdDev = 2.462 μs
Min = 21.129 μs, Q1 = 23.194 μs, Median = 26.661 μs, Q3 = 27.798 μs, Max = 28.654 μs
IQR = 4.604 μs, LowerFence = 16.289 μs, UpperFence = 34.704 μs
ConfidenceInterval = [24.842 μs; 26.512 μs] (CI 99.9%), Margin = 0.835 μs (3.25% of Mean)
Skewness = -0.6, Kurtosis = 1.75, MValue = 2.69

// ** Remained 31 (73.8%) benchmark(s) to run. Estimated finish 2026-08-18 15:47 (0h 21m from now) **
Setup power plan (GUID: 8c5e7fda-e8bf-4a96-9a85-a6e23a8c635c FriendlyName: High performance)
// **************************
// Benchmark: NamedPipesBenchmarks.NpCxOutJson: .NET 6.0(Runtime=.NET 6.0)
// *** Execute ***
// Launch: 1 / 1
// Execute: dotnet 28b8886a-3d8c-41cc-bc62-dd7109f66270.dll --anonymousPipes 3428 4492 --benchmarkName ServiceWire.Benchmarks.NamedPipesBenchmarks.NpCxOutJson --job ".NET 6.0" --benchmarkId 7 in d:\code\Github\ServiceWire\src\Benchmarks\ServiceWire.Benchmarks\bin\Release\net8.0\28b8886a-3d8c-41cc-bc62-dd7109f66270\bin\Release\net6.0
// BeforeAnythingElse

// Benchmark Process Environment Information:
// BenchmarkDotNet v0.14.0
// Runtime=.NET 6.0.36 (6.0.3624.51421), X64 RyuJIT AVX2
// GC=Concurrent Workstation
// HardwareIntrinsics=AVX2,AES,BMI1,BMI2,FMA,LZCNT,PCLMUL,POPCNT VectorSize=256
// Job: .NET 6.0

OverheadJitting  1: 1 op, 146800.00 ns, 146.8000 us/op
WorkloadJitting  1: 1 op, 20003900.00 ns, 20.0039 ms/op

OverheadJitting  2: 16 op, 124500.00 ns, 7.7813 us/op
WorkloadJitting  2: 16 op, 1006000.00 ns, 62.8750 us/op

WorkloadPilot    1: 16 op, 764000.00 ns, 47.7500 us/op
WorkloadPilot    2: 32 op, 1631100.00 ns, 50.9719 us/op
WorkloadPilot    3: 64 op, 3162200.00 ns, 49.4094 us/op
WorkloadPilot    4: 128 op, 6063900.00 ns, 47.3742 us/op
WorkloadPilot    5: 256 op, 11290400.00 ns, 44.1031 us/op
WorkloadPilot    6: 512 op, 21610900.00 ns, 42.2088 us/op
WorkloadPilot    7: 1024 op, 49416700.00 ns, 48.2585 us/op
WorkloadPilot    8: 2048 op, 93393300.00 ns, 45.6022 us/op
WorkloadPilot    9: 4096 op, 151364800.00 ns, 36.9543 us/op
WorkloadPilot   10: 8192 op, 283323800.00 ns, 34.5854 us/op
WorkloadPilot   11: 16384 op, 550004600.00 ns, 33.5696 us/op

OverheadWarmup   1: 16384 op, 29100.00 ns, 1.7761 ns/op
OverheadWarmup   2: 16384 op, 26400.00 ns, 1.6113 ns/op
OverheadWarmup   3: 16384 op, 26000.00 ns, 1.5869 ns/op
OverheadWarmup   4: 16384 op, 26000.00 ns, 1.5869 ns/op
OverheadWarmup   5: 16384 op, 27700.00 ns, 1.6907 ns/op
OverheadWarmup   6: 16384 op, 29000.00 ns, 1.7700 ns/op
OverheadWarmup   7: 16384 op, 32500.00 ns, 1.9836 ns/op
OverheadWarmup   8: 16384 op, 27600.00 ns, 1.6846 ns/op
OverheadWarmup   9: 16384 op, 28100.00 ns, 1.7151 ns/op

OverheadActual   1: 16384 op, 34300.00 ns, 2.0935 ns/op
OverheadActual   2: 16384 op, 26100.00 ns, 1.5930 ns/op
OverheadActual   3: 16384 op, 34700.00 ns, 2.1179 ns/op
OverheadActual   4: 16384 op, 28100.00 ns, 1.7151 ns/op
OverheadActual   5: 16384 op, 26000.00 ns, 1.5869 ns/op
OverheadActual   6: 16384 op, 35100.00 ns, 2.1423 ns/op
OverheadActual   7: 16384 op, 34700.00 ns, 2.1179 ns/op
OverheadActual   8: 16384 op, 27900.00 ns, 1.7029 ns/op
OverheadActual   9: 16384 op, 26000.00 ns, 1.5869 ns/op
OverheadActual  10: 16384 op, 26100.00 ns, 1.5930 ns/op
OverheadActual  11: 16384 op, 26000.00 ns, 1.5869 ns/op
OverheadActual  12: 16384 op, 32300.00 ns, 1.9714 ns/op
OverheadActual  13: 16384 op, 26000.00 ns, 1.5869 ns/op
OverheadActual  14: 16384 op, 31000.00 ns, 1.8921 ns/op
OverheadActual  15: 16384 op, 27800.00 ns, 1.6968 ns/op
OverheadActual  16: 16384 op, 26400.00 ns, 1.6113 ns/op
OverheadActual  17: 16384 op, 31000.00 ns, 1.8921 ns/op
OverheadActual  18: 16384 op, 26300.00 ns, 1.6052 ns/op
OverheadActual  19: 16384 op, 26000.00 ns, 1.5869 ns/op
OverheadActual  20: 16384 op, 26400.00 ns, 1.6113 ns/op

WorkloadWarmup   1: 16384 op, 425581900.00 ns, 25.9755 us/op
WorkloadWarmup   2: 16384 op, 449546100.00 ns, 27.4381 us/op
WorkloadWarmup   3: 16384 op, 479822800.00 ns, 29.2861 us/op
WorkloadWarmup   4: 16384 op, 530486800.00 ns, 32.3783 us/op
WorkloadWarmup   5: 16384 op, 551397400.00 ns, 33.6546 us/op
WorkloadWarmup   6: 16384 op, 543184000.00 ns, 33.1533 us/op
WorkloadWarmup   7: 16384 op, 537187400.00 ns, 32.7873 us/op
WorkloadWarmup   8: 16384 op, 527118100.00 ns, 32.1727 us/op
WorkloadWarmup   9: 16384 op, 552433800.00 ns, 33.7179 us/op
WorkloadWarmup  10: 16384 op, 501334400.00 ns, 30.5990 us/op

// BeforeActualRun
WorkloadActual   1: 16384 op, 473273900.00 ns, 28.8863 us/op
WorkloadActual   2: 16384 op, 452507000.00 ns, 27.6188 us/op
WorkloadActual   3: 16384 op, 444477600.00 ns, 27.1288 us/op
WorkloadActual   4: 16384 op, 447308800.00 ns, 27.3016 us/op
WorkloadActual   5: 16384 op, 473499400.00 ns, 28.9001 us/op
WorkloadActual   6: 16384 op, 554797300.00 ns, 33.8621 us/op
WorkloadActual   7: 16384 op, 422608900.00 ns, 25.7940 us/op
WorkloadActual   8: 16384 op, 457676000.00 ns, 27.9343 us/op
WorkloadActual   9: 16384 op, 545972000.00 ns, 33.3235 us/op
WorkloadActual  10: 16384 op, 425164700.00 ns, 25.9500 us/op
WorkloadActual  11: 16384 op, 426271000.00 ns, 26.0175 us/op
WorkloadActual  12: 16384 op, 435794300.00 ns, 26.5988 us/op
WorkloadActual  13: 16384 op, 425029100.00 ns, 25.9417 us/op
WorkloadActual  14: 16384 op, 470456700.00 ns, 28.7144 us/op
WorkloadActual  15: 16384 op, 550654000.00 ns, 33.6093 us/op
WorkloadActual  16: 16384 op, 553366700.00 ns, 33.7748 us/op
WorkloadActual  17: 16384 op, 551905100.00 ns, 33.6856 us/op
WorkloadActual  18: 16384 op, 540488200.00 ns, 32.9888 us/op
WorkloadActual  19: 16384 op, 516980300.00 ns, 31.5540 us/op
WorkloadActual  20: 16384 op, 418499400.00 ns, 25.5432 us/op
WorkloadActual  21: 16384 op, 417672500.00 ns, 25.4927 us/op
WorkloadActual  22: 16384 op, 470936700.00 ns, 28.7437 us/op
WorkloadActual  23: 16384 op, 543069500.00 ns, 33.1463 us/op
WorkloadActual  24: 16384 op, 550543600.00 ns, 33.6025 us/op
WorkloadActual  25: 16384 op, 543185700.00 ns, 33.1534 us/op
WorkloadActual  26: 16384 op, 486645400.00 ns, 29.7025 us/op
WorkloadActual  27: 16384 op, 423741600.00 ns, 25.8631 us/op
WorkloadActual  28: 16384 op, 421162000.00 ns, 25.7057 us/op
WorkloadActual  29: 16384 op, 422268700.00 ns, 25.7732 us/op
WorkloadActual  30: 16384 op, 420238700.00 ns, 25.6493 us/op
WorkloadActual  31: 16384 op, 453743600.00 ns, 27.6943 us/op
WorkloadActual  32: 16384 op, 529338800.00 ns, 32.3083 us/op
WorkloadActual  33: 16384 op, 450381100.00 ns, 27.4891 us/op
WorkloadActual  34: 16384 op, 421401200.00 ns, 25.7203 us/op
WorkloadActual  35: 16384 op, 435344700.00 ns, 26.5713 us/op
WorkloadActual  36: 16384 op, 448154800.00 ns, 27.3532 us/op
WorkloadActual  37: 16384 op, 409110400.00 ns, 24.9701 us/op
WorkloadActual  38: 16384 op, 413989900.00 ns, 25.2679 us/op
WorkloadActual  39: 16384 op, 510025400.00 ns, 31.1295 us/op
WorkloadActual  40: 16384 op, 536149900.00 ns, 32.7240 us/op
WorkloadActual  41: 16384 op, 506183500.00 ns, 30.8950 us/op
WorkloadActual  42: 16384 op, 532786400.00 ns, 32.5187 us/op
WorkloadActual  43: 16384 op, 491140200.00 ns, 29.9768 us/op
WorkloadActual  44: 16384 op, 545233100.00 ns, 33.2784 us/op
WorkloadActual  45: 16384 op, 492428200.00 ns, 30.0554 us/op
WorkloadActual  46: 16384 op, 439115100.00 ns, 26.8015 us/op
WorkloadActual  47: 16384 op, 497257900.00 ns, 30.3502 us/op
WorkloadActual  48: 16384 op, 530942100.00 ns, 32.4061 us/op
WorkloadActual  49: 16384 op, 537715900.00 ns, 32.8196 us/op
WorkloadActual  50: 16384 op, 528198900.00 ns, 32.2387 us/op
WorkloadActual  51: 16384 op, 490183800.00 ns, 29.9184 us/op
WorkloadActual  52: 16384 op, 406395100.00 ns, 24.8044 us/op
WorkloadActual  53: 16384 op, 434586300.00 ns, 26.5250 us/op
WorkloadActual  54: 16384 op, 530272800.00 ns, 32.3653 us/op
WorkloadActual  55: 16384 op, 537719500.00 ns, 32.8198 us/op
WorkloadActual  56: 16384 op, 529838800.00 ns, 32.3388 us/op
WorkloadActual  57: 16384 op, 533867700.00 ns, 32.5847 us/op
WorkloadActual  58: 16384 op, 549023500.00 ns, 33.5097 us/op
WorkloadActual  59: 16384 op, 527430200.00 ns, 32.1918 us/op
WorkloadActual  60: 16384 op, 543479600.00 ns, 33.1714 us/op
WorkloadActual  61: 16384 op, 529271600.00 ns, 32.3042 us/op
WorkloadActual  62: 16384 op, 528405400.00 ns, 32.2513 us/op
WorkloadActual  63: 16384 op, 520037600.00 ns, 31.7406 us/op
WorkloadActual  64: 16384 op, 432918900.00 ns, 26.4233 us/op
WorkloadActual  65: 16384 op, 488845400.00 ns, 29.8368 us/op
WorkloadActual  66: 16384 op, 422268500.00 ns, 25.7732 us/op
WorkloadActual  67: 16384 op, 515683900.00 ns, 31.4748 us/op
WorkloadActual  68: 16384 op, 529743300.00 ns, 32.3330 us/op
WorkloadActual  69: 16384 op, 526553900.00 ns, 32.1383 us/op
WorkloadActual  70: 16384 op, 531527400.00 ns, 32.4419 us/op
WorkloadActual  71: 16384 op, 538863400.00 ns, 32.8896 us/op
WorkloadActual  72: 16384 op, 506693400.00 ns, 30.9261 us/op
WorkloadActual  73: 16384 op, 524586900.00 ns, 32.0182 us/op
WorkloadActual  74: 16384 op, 533552100.00 ns, 32.5654 us/op
WorkloadActual  75: 16384 op, 518227000.00 ns, 31.6301 us/op
WorkloadActual  76: 16384 op, 498998000.00 ns, 30.4564 us/op
WorkloadActual  77: 16384 op, 522728600.00 ns, 31.9048 us/op
WorkloadActual  78: 16384 op, 522488200.00 ns, 31.8901 us/op
WorkloadActual  79: 16384 op, 533780900.00 ns, 32.5794 us/op
WorkloadActual  80: 16384 op, 552677000.00 ns, 33.7327 us/op
WorkloadActual  81: 16384 op, 498497500.00 ns, 30.4259 us/op
WorkloadActual  82: 16384 op, 423191000.00 ns, 25.8295 us/op
WorkloadActual  83: 16384 op, 421052300.00 ns, 25.6990 us/op
WorkloadActual  84: 16384 op, 453560000.00 ns, 27.6831 us/op
WorkloadActual  85: 16384 op, 428321000.00 ns, 26.1426 us/op
WorkloadActual  86: 16384 op, 495542200.00 ns, 30.2455 us/op
WorkloadActual  87: 16384 op, 426282100.00 ns, 26.0182 us/op
WorkloadActual  88: 16384 op, 417742000.00 ns, 25.4969 us/op
WorkloadActual  89: 16384 op, 417985900.00 ns, 25.5118 us/op
WorkloadActual  90: 16384 op, 408331800.00 ns, 24.9226 us/op
WorkloadActual  91: 16384 op, 528703300.00 ns, 32.2695 us/op
WorkloadActual  92: 16384 op, 523519400.00 ns, 31.9531 us/op
WorkloadActual  93: 16384 op, 528865100.00 ns, 32.2794 us/op
WorkloadActual  94: 16384 op, 538128400.00 ns, 32.8448 us/op
WorkloadActual  95: 16384 op, 417015600.00 ns, 25.4526 us/op
WorkloadActual  96: 16384 op, 407026000.00 ns, 24.8429 us/op
WorkloadActual  97: 16384 op, 469592900.00 ns, 28.6617 us/op
WorkloadActual  98: 16384 op, 531792200.00 ns, 32.4580 us/op
WorkloadActual  99: 16384 op, 515217400.00 ns, 31.4464 us/op
WorkloadActual  100: 16384 op, 527849100.00 ns, 32.2174 us/op

// AfterActualRun
WorkloadResult   1: 16384 op, 473246800.00 ns, 28.8847 us/op
WorkloadResult   2: 16384 op, 452479900.00 ns, 27.6172 us/op
WorkloadResult   3: 16384 op, 444450500.00 ns, 27.1271 us/op
WorkloadResult   4: 16384 op, 447281700.00 ns, 27.2999 us/op
WorkloadResult   5: 16384 op, 473472300.00 ns, 28.8985 us/op
WorkloadResult   6: 16384 op, 554770200.00 ns, 33.8605 us/op
WorkloadResult   7: 16384 op, 422581800.00 ns, 25.7923 us/op
WorkloadResult   8: 16384 op, 457648900.00 ns, 27.9327 us/op
WorkloadResult   9: 16384 op, 545944900.00 ns, 33.3218 us/op
WorkloadResult  10: 16384 op, 425137600.00 ns, 25.9483 us/op
WorkloadResult  11: 16384 op, 426243900.00 ns, 26.0159 us/op
WorkloadResult  12: 16384 op, 435767200.00 ns, 26.5971 us/op
WorkloadResult  13: 16384 op, 425002000.00 ns, 25.9401 us/op
WorkloadResult  14: 16384 op, 470429600.00 ns, 28.7127 us/op
WorkloadResult  15: 16384 op, 550626900.00 ns, 33.6076 us/op
WorkloadResult  16: 16384 op, 553339600.00 ns, 33.7732 us/op
WorkloadResult  17: 16384 op, 551878000.00 ns, 33.6840 us/op
WorkloadResult  18: 16384 op, 540461100.00 ns, 32.9871 us/op
WorkloadResult  19: 16384 op, 516953200.00 ns, 31.5523 us/op
WorkloadResult  20: 16384 op, 418472300.00 ns, 25.5415 us/op
WorkloadResult  21: 16384 op, 417645400.00 ns, 25.4911 us/op
WorkloadResult  22: 16384 op, 470909600.00 ns, 28.7420 us/op
WorkloadResult  23: 16384 op, 543042400.00 ns, 33.1447 us/op
WorkloadResult  24: 16384 op, 550516500.00 ns, 33.6009 us/op
WorkloadResult  25: 16384 op, 543158600.00 ns, 33.1518 us/op
WorkloadResult  26: 16384 op, 486618300.00 ns, 29.7008 us/op
WorkloadResult  27: 16384 op, 423714500.00 ns, 25.8615 us/op
WorkloadResult  28: 16384 op, 421134900.00 ns, 25.7040 us/op
WorkloadResult  29: 16384 op, 422241600.00 ns, 25.7716 us/op
WorkloadResult  30: 16384 op, 420211600.00 ns, 25.6477 us/op
WorkloadResult  31: 16384 op, 453716500.00 ns, 27.6927 us/op
WorkloadResult  32: 16384 op, 529311700.00 ns, 32.3066 us/op
WorkloadResult  33: 16384 op, 450354000.00 ns, 27.4874 us/op
WorkloadResult  34: 16384 op, 421374100.00 ns, 25.7186 us/op
WorkloadResult  35: 16384 op, 435317600.00 ns, 26.5697 us/op
WorkloadResult  36: 16384 op, 448127700.00 ns, 27.3515 us/op
WorkloadResult  37: 16384 op, 409083300.00 ns, 24.9685 us/op
WorkloadResult  38: 16384 op, 413962800.00 ns, 25.2663 us/op
WorkloadResult  39: 16384 op, 509998300.00 ns, 31.1278 us/op
WorkloadResult  40: 16384 op, 536122800.00 ns, 32.7223 us/op
WorkloadResult  41: 16384 op, 506156400.00 ns, 30.8933 us/op
WorkloadResult  42: 16384 op, 532759300.00 ns, 32.5170 us/op
WorkloadResult  43: 16384 op, 491113100.00 ns, 29.9752 us/op
WorkloadResult  44: 16384 op, 545206000.00 ns, 33.2767 us/op
WorkloadResult  45: 16384 op, 492401100.00 ns, 30.0538 us/op
WorkloadResult  46: 16384 op, 439088000.00 ns, 26.7998 us/op
WorkloadResult  47: 16384 op, 497230800.00 ns, 30.3486 us/op
WorkloadResult  48: 16384 op, 530915000.00 ns, 32.4045 us/op
WorkloadResult  49: 16384 op, 537688800.00 ns, 32.8179 us/op
WorkloadResult  50: 16384 op, 528171800.00 ns, 32.2370 us/op
WorkloadResult  51: 16384 op, 490156700.00 ns, 29.9168 us/op
WorkloadResult  52: 16384 op, 406368000.00 ns, 24.8027 us/op
WorkloadResult  53: 16384 op, 434559200.00 ns, 26.5234 us/op
WorkloadResult  54: 16384 op, 530245700.00 ns, 32.3636 us/op
WorkloadResult  55: 16384 op, 537692400.00 ns, 32.8181 us/op
WorkloadResult  56: 16384 op, 529811700.00 ns, 32.3371 us/op
WorkloadResult  57: 16384 op, 533840600.00 ns, 32.5830 us/op
WorkloadResult  58: 16384 op, 548996400.00 ns, 33.5081 us/op
WorkloadResult  59: 16384 op, 527403100.00 ns, 32.1901 us/op
WorkloadResult  60: 16384 op, 543452500.00 ns, 33.1697 us/op
WorkloadResult  61: 16384 op, 529244500.00 ns, 32.3025 us/op
WorkloadResult  62: 16384 op, 528378300.00 ns, 32.2497 us/op
WorkloadResult  63: 16384 op, 520010500.00 ns, 31.7389 us/op
WorkloadResult  64: 16384 op, 432891800.00 ns, 26.4216 us/op
WorkloadResult  65: 16384 op, 488818300.00 ns, 29.8351 us/op
WorkloadResult  66: 16384 op, 422241400.00 ns, 25.7716 us/op
WorkloadResult  67: 16384 op, 515656800.00 ns, 31.4732 us/op
WorkloadResult  68: 16384 op, 529716200.00 ns, 32.3313 us/op
WorkloadResult  69: 16384 op, 526526800.00 ns, 32.1366 us/op
WorkloadResult  70: 16384 op, 531500300.00 ns, 32.4402 us/op
WorkloadResult  71: 16384 op, 538836300.00 ns, 32.8880 us/op
WorkloadResult  72: 16384 op, 506666300.00 ns, 30.9245 us/op
WorkloadResult  73: 16384 op, 524559800.00 ns, 32.0166 us/op
WorkloadResult  74: 16384 op, 533525000.00 ns, 32.5638 us/op
WorkloadResult  75: 16384 op, 518199900.00 ns, 31.6284 us/op
WorkloadResult  76: 16384 op, 498970900.00 ns, 30.4548 us/op
WorkloadResult  77: 16384 op, 522701500.00 ns, 31.9032 us/op
WorkloadResult  78: 16384 op, 522461100.00 ns, 31.8885 us/op
WorkloadResult  79: 16384 op, 533753800.00 ns, 32.5777 us/op
WorkloadResult  80: 16384 op, 552649900.00 ns, 33.7311 us/op
WorkloadResult  81: 16384 op, 498470400.00 ns, 30.4242 us/op
WorkloadResult  82: 16384 op, 423163900.00 ns, 25.8279 us/op
WorkloadResult  83: 16384 op, 421025200.00 ns, 25.6973 us/op
WorkloadResult  84: 16384 op, 453532900.00 ns, 27.6815 us/op
WorkloadResult  85: 16384 op, 428293900.00 ns, 26.1410 us/op
WorkloadResult  86: 16384 op, 495515100.00 ns, 30.2438 us/op
WorkloadResult  87: 16384 op, 426255000.00 ns, 26.0165 us/op
WorkloadResult  88: 16384 op, 417714900.00 ns, 25.4953 us/op
WorkloadResult  89: 16384 op, 417958800.00 ns, 25.5102 us/op
WorkloadResult  90: 16384 op, 408304700.00 ns, 24.9209 us/op
WorkloadResult  91: 16384 op, 528676200.00 ns, 32.2678 us/op
WorkloadResult  92: 16384 op, 523492300.00 ns, 31.9514 us/op
WorkloadResult  93: 16384 op, 528838000.00 ns, 32.2777 us/op
WorkloadResult  94: 16384 op, 538101300.00 ns, 32.8431 us/op
WorkloadResult  95: 16384 op, 416988500.00 ns, 25.4510 us/op
WorkloadResult  96: 16384 op, 406998900.00 ns, 24.8412 us/op
WorkloadResult  97: 16384 op, 469565800.00 ns, 28.6600 us/op
WorkloadResult  98: 16384 op, 531765100.00 ns, 32.4564 us/op
WorkloadResult  99: 16384 op, 515190300.00 ns, 31.4447 us/op
WorkloadResult  100: 16384 op, 527822000.00 ns, 32.2157 us/op
// GC:  6 0 0 109577696 16384
// Threading:  0 0 16384

// AfterAll
// Benchmark Process 69668 has exited with code 0.

Mean = 29.743 μs, StdErr = 0.303 μs (1.02%), N = 100, StdDev = 3.034 μs
Min = 24.803 μs, Q1 = 26.498 μs, Median = 30.439 μs, Q3 = 32.374 μs, Max = 33.860 μs
IQR = 5.876 μs, LowerFence = 17.684 μs, UpperFence = 41.188 μs
ConfidenceInterval = [28.714 μs; 30.772 μs] (CI 99.9%), Margin = 1.029 μs (3.46% of Mean)
Skewness = -0.28, Kurtosis = 1.45, MValue = 3.67

// ** Remained 30 (71.4%) benchmark(s) to run. Estimated finish 2026-08-18 15:48 (0h 21m from now) **
Setup power plan (GUID: 8c5e7fda-e8bf-4a96-9a85-a6e23a8c635c FriendlyName: High performance)
// **************************
// Benchmark: NamedPipesBenchmarks.NpSim: .NET 8.0(Runtime=.NET 8.0)
// *** Execute ***
// Launch: 1 / 1
// Execute: dotnet 3c452962-e736-4ea3-adfd-9cff5d26791c.dll --anonymousPipes 4240 2824 --benchmarkName ServiceWire.Benchmarks.NamedPipesBenchmarks.NpSim --job ".NET 8.0" --benchmarkId 2 in d:\code\Github\ServiceWire\src\Benchmarks\ServiceWire.Benchmarks\bin\Release\net8.0\3c452962-e736-4ea3-adfd-9cff5d26791c\bin\Release\net8.0
// BeforeAnythingElse

// Benchmark Process Environment Information:
// BenchmarkDotNet v0.14.0
// Runtime=.NET 8.0.30 (8.0.3026.36720), X64 RyuJIT AVX2
// GC=Concurrent Workstation
// HardwareIntrinsics=AVX2,AES,BMI1,BMI2,FMA,LZCNT,PCLMUL,POPCNT VectorSize=256
// Job: .NET 8.0

OverheadJitting  1: 1 op, 146300.00 ns, 146.3000 us/op
WorkloadJitting  1: 1 op, 8674300.00 ns, 8.6743 ms/op

OverheadJitting  2: 16 op, 119700.00 ns, 7.4813 us/op
WorkloadJitting  2: 16 op, 500200.00 ns, 31.2625 us/op

WorkloadPilot    1: 16 op, 300400.00 ns, 18.7750 us/op
WorkloadPilot    2: 32 op, 559500.00 ns, 17.4844 us/op
WorkloadPilot    3: 64 op, 913000.00 ns, 14.2656 us/op
WorkloadPilot    4: 128 op, 1972700.00 ns, 15.4117 us/op
WorkloadPilot    5: 256 op, 3563500.00 ns, 13.9199 us/op
WorkloadPilot    6: 512 op, 7558300.00 ns, 14.7623 us/op
WorkloadPilot    7: 1024 op, 14495100.00 ns, 14.1554 us/op
WorkloadPilot    8: 2048 op, 28944400.00 ns, 14.1330 us/op
WorkloadPilot    9: 4096 op, 59070100.00 ns, 14.4214 us/op
WorkloadPilot   10: 8192 op, 123695700.00 ns, 15.0996 us/op
WorkloadPilot   11: 16384 op, 241707900.00 ns, 14.7527 us/op
WorkloadPilot   12: 32768 op, 456711500.00 ns, 13.9377 us/op
WorkloadPilot   13: 65536 op, 961425800.00 ns, 14.6702 us/op

OverheadWarmup   1: 65536 op, 112200.00 ns, 1.7120 ns/op
OverheadWarmup   2: 65536 op, 111300.00 ns, 1.6983 ns/op
OverheadWarmup   3: 65536 op, 111500.00 ns, 1.7014 ns/op
OverheadWarmup   4: 65536 op, 111200.00 ns, 1.6968 ns/op
OverheadWarmup   5: 65536 op, 111400.00 ns, 1.6998 ns/op
OverheadWarmup   6: 65536 op, 116700.00 ns, 1.7807 ns/op
OverheadWarmup   7: 65536 op, 123700.00 ns, 1.8875 ns/op
OverheadWarmup   8: 65536 op, 111300.00 ns, 1.6983 ns/op

OverheadActual   1: 65536 op, 110700.00 ns, 1.6891 ns/op
OverheadActual   2: 65536 op, 106200.00 ns, 1.6205 ns/op
OverheadActual   3: 65536 op, 131600.00 ns, 2.0081 ns/op
OverheadActual   4: 65536 op, 105200.00 ns, 1.6052 ns/op
OverheadActual   5: 65536 op, 131700.00 ns, 2.0096 ns/op
OverheadActual   6: 65536 op, 111500.00 ns, 1.7014 ns/op
OverheadActual   7: 65536 op, 105100.00 ns, 1.6037 ns/op
OverheadActual   8: 65536 op, 105200.00 ns, 1.6052 ns/op
OverheadActual   9: 65536 op, 105400.00 ns, 1.6083 ns/op
OverheadActual  10: 65536 op, 105400.00 ns, 1.6083 ns/op
OverheadActual  11: 65536 op, 105100.00 ns, 1.6037 ns/op
OverheadActual  12: 65536 op, 106100.00 ns, 1.6190 ns/op
OverheadActual  13: 65536 op, 105200.00 ns, 1.6052 ns/op
OverheadActual  14: 65536 op, 105300.00 ns, 1.6068 ns/op
OverheadActual  15: 65536 op, 111400.00 ns, 1.6998 ns/op

WorkloadWarmup   1: 65536 op, 967526400.00 ns, 14.7633 us/op
WorkloadWarmup   2: 65536 op, 925297500.00 ns, 14.1189 us/op
WorkloadWarmup   3: 65536 op, 911527200.00 ns, 13.9088 us/op
WorkloadWarmup   4: 65536 op, 902984500.00 ns, 13.7785 us/op
WorkloadWarmup   5: 65536 op, 894466700.00 ns, 13.6485 us/op
WorkloadWarmup   6: 65536 op, 989684700.00 ns, 15.1014 us/op
WorkloadWarmup   7: 65536 op, 1005476000.00 ns, 15.3423 us/op
WorkloadWarmup   8: 65536 op, 995306400.00 ns, 15.1872 us/op
WorkloadWarmup   9: 65536 op, 982558700.00 ns, 14.9927 us/op
WorkloadWarmup  10: 65536 op, 863526100.00 ns, 13.1764 us/op
WorkloadWarmup  11: 65536 op, 988812500.00 ns, 15.0881 us/op
WorkloadWarmup  12: 65536 op, 994265200.00 ns, 15.1713 us/op
WorkloadWarmup  13: 65536 op, 927851300.00 ns, 14.1579 us/op

// BeforeActualRun
WorkloadActual   1: 65536 op, 915531200.00 ns, 13.9699 us/op
WorkloadActual   2: 65536 op, 901783700.00 ns, 13.7601 us/op
WorkloadActual   3: 65536 op, 984555400.00 ns, 15.0231 us/op
WorkloadActual   4: 65536 op, 901884600.00 ns, 13.7617 us/op
WorkloadActual   5: 65536 op, 899345100.00 ns, 13.7229 us/op
WorkloadActual   6: 65536 op, 915184000.00 ns, 13.9646 us/op
WorkloadActual   7: 65536 op, 898752800.00 ns, 13.7139 us/op
WorkloadActual   8: 65536 op, 922326100.00 ns, 14.0736 us/op
WorkloadActual   9: 65536 op, 961989500.00 ns, 14.6788 us/op
WorkloadActual  10: 65536 op, 969172200.00 ns, 14.7884 us/op
WorkloadActual  11: 65536 op, 918986200.00 ns, 14.0226 us/op
WorkloadActual  12: 65536 op, 910833700.00 ns, 13.8982 us/op
WorkloadActual  13: 65536 op, 895176300.00 ns, 13.6593 us/op
WorkloadActual  14: 65536 op, 898021000.00 ns, 13.7027 us/op
WorkloadActual  15: 65536 op, 979101100.00 ns, 14.9399 us/op
WorkloadActual  16: 65536 op, 1007040000.00 ns, 15.3662 us/op
WorkloadActual  17: 65536 op, 1002720800.00 ns, 15.3003 us/op
WorkloadActual  18: 65536 op, 946242900.00 ns, 14.4385 us/op
WorkloadActual  19: 65536 op, 917237600.00 ns, 13.9959 us/op
WorkloadActual  20: 65536 op, 936820900.00 ns, 14.2948 us/op
WorkloadActual  21: 65536 op, 901340300.00 ns, 13.7534 us/op
WorkloadActual  22: 65536 op, 883714000.00 ns, 13.4844 us/op
WorkloadActual  23: 65536 op, 952599200.00 ns, 14.5355 us/op
WorkloadActual  24: 65536 op, 897153500.00 ns, 13.6895 us/op
WorkloadActual  25: 65536 op, 900558100.00 ns, 13.7414 us/op
WorkloadActual  26: 65536 op, 954753200.00 ns, 14.5684 us/op
WorkloadActual  27: 65536 op, 990910300.00 ns, 15.1201 us/op
WorkloadActual  28: 65536 op, 1000502000.00 ns, 15.2664 us/op
WorkloadActual  29: 65536 op, 1001776000.00 ns, 15.2859 us/op
WorkloadActual  30: 65536 op, 1003656200.00 ns, 15.3146 us/op
WorkloadActual  31: 65536 op, 832963600.00 ns, 12.7100 us/op
WorkloadActual  32: 65536 op, 870326200.00 ns, 13.2801 us/op
WorkloadActual  33: 65536 op, 805939600.00 ns, 12.2977 us/op
WorkloadActual  34: 65536 op, 795809500.00 ns, 12.1431 us/op
WorkloadActual  35: 65536 op, 851637400.00 ns, 12.9950 us/op
WorkloadActual  36: 65536 op, 951222800.00 ns, 14.5145 us/op
WorkloadActual  37: 65536 op, 998823300.00 ns, 15.2408 us/op
WorkloadActual  38: 65536 op, 998521100.00 ns, 15.2362 us/op
WorkloadActual  39: 65536 op, 953181600.00 ns, 14.5444 us/op
WorkloadActual  40: 65536 op, 869627800.00 ns, 13.2695 us/op
WorkloadActual  41: 65536 op, 875505600.00 ns, 13.3592 us/op
WorkloadActual  42: 65536 op, 1008218200.00 ns, 15.3842 us/op
WorkloadActual  43: 65536 op, 963366000.00 ns, 14.6998 us/op
WorkloadActual  44: 65536 op, 920476300.00 ns, 14.0454 us/op
WorkloadActual  45: 65536 op, 954574700.00 ns, 14.5657 us/op
WorkloadActual  46: 65536 op, 927361500.00 ns, 14.1504 us/op
WorkloadActual  47: 65536 op, 957702900.00 ns, 14.6134 us/op
WorkloadActual  48: 65536 op, 958397400.00 ns, 14.6240 us/op
WorkloadActual  49: 65536 op, 994106100.00 ns, 15.1689 us/op
WorkloadActual  50: 65536 op, 905200700.00 ns, 13.8123 us/op
WorkloadActual  51: 65536 op, 879942100.00 ns, 13.4269 us/op
WorkloadActual  52: 65536 op, 917808900.00 ns, 14.0047 us/op
WorkloadActual  53: 65536 op, 939708500.00 ns, 14.3388 us/op
WorkloadActual  54: 65536 op, 877765600.00 ns, 13.3936 us/op
WorkloadActual  55: 65536 op, 902036700.00 ns, 13.7640 us/op
WorkloadActual  56: 65536 op, 961654400.00 ns, 14.6737 us/op
WorkloadActual  57: 65536 op, 977984400.00 ns, 14.9229 us/op
WorkloadActual  58: 65536 op, 967485700.00 ns, 14.7627 us/op
WorkloadActual  59: 65536 op, 946848900.00 ns, 14.4478 us/op
WorkloadActual  60: 65536 op, 863448100.00 ns, 13.1752 us/op
WorkloadActual  61: 65536 op, 848171800.00 ns, 12.9421 us/op
WorkloadActual  62: 65536 op, 889537900.00 ns, 13.5733 us/op
WorkloadActual  63: 65536 op, 989582300.00 ns, 15.0998 us/op
WorkloadActual  64: 65536 op, 988085000.00 ns, 15.0770 us/op
WorkloadActual  65: 65536 op, 1002123300.00 ns, 15.2912 us/op
WorkloadActual  66: 65536 op, 907872500.00 ns, 13.8530 us/op
WorkloadActual  67: 65536 op, 877328000.00 ns, 13.3870 us/op
WorkloadActual  68: 65536 op, 959291300.00 ns, 14.6376 us/op
WorkloadActual  69: 65536 op, 955019500.00 ns, 14.5724 us/op
WorkloadActual  70: 65536 op, 950080200.00 ns, 14.4971 us/op
WorkloadActual  71: 65536 op, 945533100.00 ns, 14.4277 us/op
WorkloadActual  72: 65536 op, 957340600.00 ns, 14.6079 us/op
WorkloadActual  73: 65536 op, 866740500.00 ns, 13.2254 us/op
WorkloadActual  74: 65536 op, 917927300.00 ns, 14.0065 us/op
WorkloadActual  75: 65536 op, 971181600.00 ns, 14.8191 us/op
WorkloadActual  76: 65536 op, 896512000.00 ns, 13.6797 us/op
WorkloadActual  77: 65536 op, 980407400.00 ns, 14.9598 us/op
WorkloadActual  78: 65536 op, 1002410900.00 ns, 15.2956 us/op
WorkloadActual  79: 65536 op, 921177400.00 ns, 14.0561 us/op
WorkloadActual  80: 65536 op, 951119100.00 ns, 14.5129 us/op
WorkloadActual  81: 65536 op, 825885100.00 ns, 12.6020 us/op
WorkloadActual  82: 65536 op, 881516800.00 ns, 13.4509 us/op
WorkloadActual  83: 65536 op, 965645500.00 ns, 14.7346 us/op
WorkloadActual  84: 65536 op, 915029600.00 ns, 13.9622 us/op
WorkloadActual  85: 65536 op, 965323200.00 ns, 14.7297 us/op

// AfterActualRun
WorkloadResult   1: 65536 op, 915425800.00 ns, 13.9683 us/op
WorkloadResult   2: 65536 op, 901678300.00 ns, 13.7585 us/op
WorkloadResult   3: 65536 op, 984450000.00 ns, 15.0215 us/op
WorkloadResult   4: 65536 op, 901779200.00 ns, 13.7601 us/op
WorkloadResult   5: 65536 op, 899239700.00 ns, 13.7213 us/op
WorkloadResult   6: 65536 op, 915078600.00 ns, 13.9630 us/op
WorkloadResult   7: 65536 op, 898647400.00 ns, 13.7123 us/op
WorkloadResult   8: 65536 op, 922220700.00 ns, 14.0720 us/op
WorkloadResult   9: 65536 op, 961884100.00 ns, 14.6772 us/op
WorkloadResult  10: 65536 op, 969066800.00 ns, 14.7868 us/op
WorkloadResult  11: 65536 op, 918880800.00 ns, 14.0210 us/op
WorkloadResult  12: 65536 op, 910728300.00 ns, 13.8966 us/op
WorkloadResult  13: 65536 op, 895070900.00 ns, 13.6577 us/op
WorkloadResult  14: 65536 op, 897915600.00 ns, 13.7011 us/op
WorkloadResult  15: 65536 op, 978995700.00 ns, 14.9383 us/op
WorkloadResult  16: 65536 op, 1006934600.00 ns, 15.3646 us/op
WorkloadResult  17: 65536 op, 1002615400.00 ns, 15.2987 us/op
WorkloadResult  18: 65536 op, 946137500.00 ns, 14.4369 us/op
WorkloadResult  19: 65536 op, 917132200.00 ns, 13.9943 us/op
WorkloadResult  20: 65536 op, 936715500.00 ns, 14.2931 us/op
WorkloadResult  21: 65536 op, 901234900.00 ns, 13.7518 us/op
WorkloadResult  22: 65536 op, 883608600.00 ns, 13.4828 us/op
WorkloadResult  23: 65536 op, 952493800.00 ns, 14.5339 us/op
WorkloadResult  24: 65536 op, 897048100.00 ns, 13.6879 us/op
WorkloadResult  25: 65536 op, 900452700.00 ns, 13.7398 us/op
WorkloadResult  26: 65536 op, 954647800.00 ns, 14.5668 us/op
WorkloadResult  27: 65536 op, 990804900.00 ns, 15.1185 us/op
WorkloadResult  28: 65536 op, 1000396600.00 ns, 15.2648 us/op
WorkloadResult  29: 65536 op, 1001670600.00 ns, 15.2843 us/op
WorkloadResult  30: 65536 op, 1003550800.00 ns, 15.3130 us/op
WorkloadResult  31: 65536 op, 832858200.00 ns, 12.7084 us/op
WorkloadResult  32: 65536 op, 870220800.00 ns, 13.2785 us/op
WorkloadResult  33: 65536 op, 805834200.00 ns, 12.2961 us/op
WorkloadResult  34: 65536 op, 795704100.00 ns, 12.1415 us/op
WorkloadResult  35: 65536 op, 851532000.00 ns, 12.9933 us/op
WorkloadResult  36: 65536 op, 951117400.00 ns, 14.5129 us/op
WorkloadResult  37: 65536 op, 998717900.00 ns, 15.2392 us/op
WorkloadResult  38: 65536 op, 998415700.00 ns, 15.2346 us/op
WorkloadResult  39: 65536 op, 953076200.00 ns, 14.5428 us/op
WorkloadResult  40: 65536 op, 869522400.00 ns, 13.2679 us/op
WorkloadResult  41: 65536 op, 875400200.00 ns, 13.3575 us/op
WorkloadResult  42: 65536 op, 1008112800.00 ns, 15.3826 us/op
WorkloadResult  43: 65536 op, 963260600.00 ns, 14.6982 us/op
WorkloadResult  44: 65536 op, 920370900.00 ns, 14.0437 us/op
WorkloadResult  45: 65536 op, 954469300.00 ns, 14.5640 us/op
WorkloadResult  46: 65536 op, 927256100.00 ns, 14.1488 us/op
WorkloadResult  47: 65536 op, 957597500.00 ns, 14.6118 us/op
WorkloadResult  48: 65536 op, 958292000.00 ns, 14.6224 us/op
WorkloadResult  49: 65536 op, 994000700.00 ns, 15.1672 us/op
WorkloadResult  50: 65536 op, 905095300.00 ns, 13.8107 us/op
WorkloadResult  51: 65536 op, 879836700.00 ns, 13.4252 us/op
WorkloadResult  52: 65536 op, 917703500.00 ns, 14.0030 us/op
WorkloadResult  53: 65536 op, 939603100.00 ns, 14.3372 us/op
WorkloadResult  54: 65536 op, 877660200.00 ns, 13.3920 us/op
WorkloadResult  55: 65536 op, 901931300.00 ns, 13.7624 us/op
WorkloadResult  56: 65536 op, 961549000.00 ns, 14.6721 us/op
WorkloadResult  57: 65536 op, 977879000.00 ns, 14.9212 us/op
WorkloadResult  58: 65536 op, 967380300.00 ns, 14.7611 us/op
WorkloadResult  59: 65536 op, 946743500.00 ns, 14.4462 us/op
WorkloadResult  60: 65536 op, 863342700.00 ns, 13.1736 us/op
WorkloadResult  61: 65536 op, 848066400.00 ns, 12.9405 us/op
WorkloadResult  62: 65536 op, 889432500.00 ns, 13.5717 us/op
WorkloadResult  63: 65536 op, 989476900.00 ns, 15.0982 us/op
WorkloadResult  64: 65536 op, 987979600.00 ns, 15.0754 us/op
WorkloadResult  65: 65536 op, 1002017900.00 ns, 15.2896 us/op
WorkloadResult  66: 65536 op, 907767100.00 ns, 13.8514 us/op
WorkloadResult  67: 65536 op, 877222600.00 ns, 13.3854 us/op
WorkloadResult  68: 65536 op, 959185900.00 ns, 14.6360 us/op
WorkloadResult  69: 65536 op, 954914100.00 ns, 14.5708 us/op
WorkloadResult  70: 65536 op, 949974800.00 ns, 14.4955 us/op
WorkloadResult  71: 65536 op, 945427700.00 ns, 14.4261 us/op
WorkloadResult  72: 65536 op, 957235200.00 ns, 14.6063 us/op
WorkloadResult  73: 65536 op, 866635100.00 ns, 13.2238 us/op
WorkloadResult  74: 65536 op, 917821900.00 ns, 14.0049 us/op
WorkloadResult  75: 65536 op, 971076200.00 ns, 14.8174 us/op
WorkloadResult  76: 65536 op, 896406600.00 ns, 13.6781 us/op
WorkloadResult  77: 65536 op, 980302000.00 ns, 14.9582 us/op
WorkloadResult  78: 65536 op, 1002305500.00 ns, 15.2940 us/op
WorkloadResult  79: 65536 op, 921072000.00 ns, 14.0544 us/op
WorkloadResult  80: 65536 op, 951013700.00 ns, 14.5113 us/op
WorkloadResult  81: 65536 op, 825779700.00 ns, 12.6004 us/op
WorkloadResult  82: 65536 op, 881411400.00 ns, 13.4493 us/op
WorkloadResult  83: 65536 op, 965540100.00 ns, 14.7330 us/op
WorkloadResult  84: 65536 op, 914924200.00 ns, 13.9606 us/op
WorkloadResult  85: 65536 op, 965217800.00 ns, 14.7281 us/op
// GC:  1 0 0 20971584 65536
// Threading:  0 0 65536

// AfterAll
// Benchmark Process 63168 has exited with code 0.

Mean = 14.203 μs, StdErr = 0.083 μs (0.58%), N = 85, StdDev = 0.761 μs
Min = 12.141 μs, Q1 = 13.712 μs, Median = 14.293 μs, Q3 = 14.733 μs, Max = 15.383 μs
IQR = 1.021 μs, LowerFence = 12.181 μs, UpperFence = 16.264 μs
ConfidenceInterval = [13.922 μs; 14.485 μs] (CI 99.9%), Margin = 0.281 μs (1.98% of Mean)
Skewness = -0.41, Kurtosis = 2.59, MValue = 3.67

// ** Remained 29 (69.0%) benchmark(s) to run. Estimated finish 2026-08-18 15:51 (0h 22m from now) **
Setup power plan (GUID: 8c5e7fda-e8bf-4a96-9a85-a6e23a8c635c FriendlyName: High performance)
// **************************
// Benchmark: NamedPipesBenchmarks.NpSimJson: .NET 8.0(Runtime=.NET 8.0)
// *** Execute ***
// Launch: 1 / 1
// Execute: dotnet 3c452962-e736-4ea3-adfd-9cff5d26791c.dll --anonymousPipes 2328 3488 --benchmarkName ServiceWire.Benchmarks.NamedPipesBenchmarks.NpSimJson --job ".NET 8.0" --benchmarkId 3 in d:\code\Github\ServiceWire\src\Benchmarks\ServiceWire.Benchmarks\bin\Release\net8.0\3c452962-e736-4ea3-adfd-9cff5d26791c\bin\Release\net8.0
// BeforeAnythingElse

// Benchmark Process Environment Information:
// BenchmarkDotNet v0.14.0
// Runtime=.NET 8.0.30 (8.0.3026.36720), X64 RyuJIT AVX2
// GC=Concurrent Workstation
// HardwareIntrinsics=AVX2,AES,BMI1,BMI2,FMA,LZCNT,PCLMUL,POPCNT VectorSize=256
// Job: .NET 8.0

OverheadJitting  1: 1 op, 138700.00 ns, 138.7000 us/op
WorkloadJitting  1: 1 op, 8690100.00 ns, 8.6901 ms/op

OverheadJitting  2: 16 op, 122100.00 ns, 7.6313 us/op
WorkloadJitting  2: 16 op, 540100.00 ns, 33.7563 us/op

WorkloadPilot    1: 16 op, 287100.00 ns, 17.9438 us/op
WorkloadPilot    2: 32 op, 595100.00 ns, 18.5969 us/op
WorkloadPilot    3: 64 op, 947200.00 ns, 14.8000 us/op
WorkloadPilot    4: 128 op, 2385300.00 ns, 18.6352 us/op
WorkloadPilot    5: 256 op, 3990700.00 ns, 15.5887 us/op
WorkloadPilot    6: 512 op, 7963300.00 ns, 15.5533 us/op
WorkloadPilot    7: 1024 op, 15658300.00 ns, 15.2913 us/op
WorkloadPilot    8: 2048 op, 30458200.00 ns, 14.8722 us/op
WorkloadPilot    9: 4096 op, 63449100.00 ns, 15.4905 us/op
WorkloadPilot   10: 8192 op, 123891400.00 ns, 15.1235 us/op
WorkloadPilot   11: 16384 op, 241172500.00 ns, 14.7200 us/op
WorkloadPilot   12: 32768 op, 496089500.00 ns, 15.1395 us/op
WorkloadPilot   13: 65536 op, 1000975900.00 ns, 15.2737 us/op

OverheadWarmup   1: 65536 op, 139700.00 ns, 2.1317 ns/op
OverheadWarmup   2: 65536 op, 117800.00 ns, 1.7975 ns/op
OverheadWarmup   3: 65536 op, 118600.00 ns, 1.8097 ns/op
OverheadWarmup   4: 65536 op, 111300.00 ns, 1.6983 ns/op
OverheadWarmup   5: 65536 op, 112300.00 ns, 1.7136 ns/op
OverheadWarmup   6: 65536 op, 135600.00 ns, 2.0691 ns/op
OverheadWarmup   7: 65536 op, 139300.00 ns, 2.1255 ns/op
OverheadWarmup   8: 65536 op, 105400.00 ns, 1.6083 ns/op

OverheadActual   1: 65536 op, 114900.00 ns, 1.7532 ns/op
OverheadActual   2: 65536 op, 111400.00 ns, 1.6998 ns/op
OverheadActual   3: 65536 op, 105200.00 ns, 1.6052 ns/op
OverheadActual   4: 65536 op, 125900.00 ns, 1.9211 ns/op
OverheadActual   5: 65536 op, 105300.00 ns, 1.6068 ns/op
OverheadActual   6: 65536 op, 105300.00 ns, 1.6068 ns/op
OverheadActual   7: 65536 op, 105200.00 ns, 1.6052 ns/op
OverheadActual   8: 65536 op, 105400.00 ns, 1.6083 ns/op
OverheadActual   9: 65536 op, 111500.00 ns, 1.7014 ns/op
OverheadActual  10: 65536 op, 105200.00 ns, 1.6052 ns/op
OverheadActual  11: 65536 op, 105400.00 ns, 1.6083 ns/op
OverheadActual  12: 65536 op, 105300.00 ns, 1.6068 ns/op
OverheadActual  13: 65536 op, 111500.00 ns, 1.7014 ns/op
OverheadActual  14: 65536 op, 118900.00 ns, 1.8143 ns/op
OverheadActual  15: 65536 op, 112100.00 ns, 1.7105 ns/op

WorkloadWarmup   1: 65536 op, 896857000.00 ns, 13.6850 us/op
WorkloadWarmup   2: 65536 op, 895849200.00 ns, 13.6696 us/op
WorkloadWarmup   3: 65536 op, 889643600.00 ns, 13.5749 us/op
WorkloadWarmup   4: 65536 op, 894735300.00 ns, 13.6526 us/op
WorkloadWarmup   5: 65536 op, 898585100.00 ns, 13.7113 us/op
WorkloadWarmup   6: 65536 op, 902994500.00 ns, 13.7786 us/op
WorkloadWarmup   7: 65536 op, 935242700.00 ns, 14.2707 us/op
WorkloadWarmup   8: 65536 op, 978657800.00 ns, 14.9331 us/op
WorkloadWarmup   9: 65536 op, 992971300.00 ns, 15.1515 us/op
WorkloadWarmup  10: 65536 op, 890216300.00 ns, 13.5836 us/op
WorkloadWarmup  11: 65536 op, 954582800.00 ns, 14.5658 us/op
WorkloadWarmup  12: 65536 op, 952363300.00 ns, 14.5319 us/op

// BeforeActualRun
WorkloadActual   1: 65536 op, 953947000.00 ns, 14.5561 us/op
WorkloadActual   2: 65536 op, 967119200.00 ns, 14.7571 us/op
WorkloadActual   3: 65536 op, 956552800.00 ns, 14.5958 us/op
WorkloadActual   4: 65536 op, 865510000.00 ns, 13.2066 us/op
WorkloadActual   5: 65536 op, 895918200.00 ns, 13.6706 us/op
WorkloadActual   6: 65536 op, 924726400.00 ns, 14.1102 us/op
WorkloadActual   7: 65536 op, 969857500.00 ns, 14.7989 us/op
WorkloadActual   8: 65536 op, 942855200.00 ns, 14.3868 us/op
WorkloadActual   9: 65536 op, 966038300.00 ns, 14.7406 us/op
WorkloadActual  10: 65536 op, 957641400.00 ns, 14.6124 us/op
WorkloadActual  11: 65536 op, 960378300.00 ns, 14.6542 us/op
WorkloadActual  12: 65536 op, 988297700.00 ns, 15.0802 us/op
WorkloadActual  13: 65536 op, 982953400.00 ns, 14.9987 us/op
WorkloadActual  14: 65536 op, 991618800.00 ns, 15.1309 us/op
WorkloadActual  15: 65536 op, 971647900.00 ns, 14.8262 us/op
WorkloadActual  16: 65536 op, 998511500.00 ns, 15.2361 us/op
WorkloadActual  17: 65536 op, 972158500.00 ns, 14.8340 us/op
WorkloadActual  18: 65536 op, 991228200.00 ns, 15.1249 us/op
WorkloadActual  19: 65536 op, 926837200.00 ns, 14.1424 us/op
WorkloadActual  20: 65536 op, 884207400.00 ns, 13.4919 us/op
WorkloadActual  21: 65536 op, 895545200.00 ns, 13.6649 us/op
WorkloadActual  22: 65536 op, 948537600.00 ns, 14.4735 us/op
WorkloadActual  23: 65536 op, 972420600.00 ns, 14.8380 us/op
WorkloadActual  24: 65536 op, 947677900.00 ns, 14.4604 us/op
WorkloadActual  25: 65536 op, 951212700.00 ns, 14.5144 us/op
WorkloadActual  26: 65536 op, 926000600.00 ns, 14.1296 us/op
WorkloadActual  27: 65536 op, 962339800.00 ns, 14.6841 us/op
WorkloadActual  28: 65536 op, 947856200.00 ns, 14.4631 us/op
WorkloadActual  29: 65536 op, 956367300.00 ns, 14.5930 us/op
WorkloadActual  30: 65536 op, 958755200.00 ns, 14.6294 us/op
WorkloadActual  31: 65536 op, 901052900.00 ns, 13.7490 us/op
WorkloadActual  32: 65536 op, 865390700.00 ns, 13.2048 us/op
WorkloadActual  33: 65536 op, 949293300.00 ns, 14.4851 us/op
WorkloadActual  34: 65536 op, 965553800.00 ns, 14.7332 us/op
WorkloadActual  35: 65536 op, 940055600.00 ns, 14.3441 us/op
WorkloadActual  36: 65536 op, 942610100.00 ns, 14.3831 us/op
WorkloadActual  37: 65536 op, 974827500.00 ns, 14.8747 us/op
WorkloadActual  38: 65536 op, 993634300.00 ns, 15.1617 us/op
WorkloadActual  39: 65536 op, 995120400.00 ns, 15.1843 us/op
WorkloadActual  40: 65536 op, 982006200.00 ns, 14.9842 us/op
WorkloadActual  41: 65536 op, 974097000.00 ns, 14.8635 us/op

// AfterActualRun
WorkloadResult   1: 65536 op, 953841600.00 ns, 14.5545 us/op
WorkloadResult   2: 65536 op, 967013800.00 ns, 14.7555 us/op
WorkloadResult   3: 65536 op, 956447400.00 ns, 14.5942 us/op
WorkloadResult   4: 65536 op, 865404600.00 ns, 13.2050 us/op
WorkloadResult   5: 65536 op, 895812800.00 ns, 13.6690 us/op
WorkloadResult   6: 65536 op, 924621000.00 ns, 14.1086 us/op
WorkloadResult   7: 65536 op, 969752100.00 ns, 14.7972 us/op
WorkloadResult   8: 65536 op, 942749800.00 ns, 14.3852 us/op
WorkloadResult   9: 65536 op, 965932900.00 ns, 14.7390 us/op
WorkloadResult  10: 65536 op, 957536000.00 ns, 14.6108 us/op
WorkloadResult  11: 65536 op, 960272900.00 ns, 14.6526 us/op
WorkloadResult  12: 65536 op, 988192300.00 ns, 15.0786 us/op
WorkloadResult  13: 65536 op, 982848000.00 ns, 14.9971 us/op
WorkloadResult  14: 65536 op, 991513400.00 ns, 15.1293 us/op
WorkloadResult  15: 65536 op, 971542500.00 ns, 14.8246 us/op
WorkloadResult  16: 65536 op, 998406100.00 ns, 15.2345 us/op
WorkloadResult  17: 65536 op, 972053100.00 ns, 14.8324 us/op
WorkloadResult  18: 65536 op, 991122800.00 ns, 15.1233 us/op
WorkloadResult  19: 65536 op, 926731800.00 ns, 14.1408 us/op
WorkloadResult  20: 65536 op, 884102000.00 ns, 13.4903 us/op
WorkloadResult  21: 65536 op, 895439800.00 ns, 13.6633 us/op
WorkloadResult  22: 65536 op, 948432200.00 ns, 14.4719 us/op
WorkloadResult  23: 65536 op, 972315200.00 ns, 14.8364 us/op
WorkloadResult  24: 65536 op, 947572500.00 ns, 14.4588 us/op
WorkloadResult  25: 65536 op, 951107300.00 ns, 14.5127 us/op
WorkloadResult  26: 65536 op, 925895200.00 ns, 14.1280 us/op
WorkloadResult  27: 65536 op, 962234400.00 ns, 14.6825 us/op
WorkloadResult  28: 65536 op, 947750800.00 ns, 14.4615 us/op
WorkloadResult  29: 65536 op, 956261900.00 ns, 14.5914 us/op
WorkloadResult  30: 65536 op, 958649800.00 ns, 14.6278 us/op
WorkloadResult  31: 65536 op, 900947500.00 ns, 13.7474 us/op
WorkloadResult  32: 65536 op, 865285300.00 ns, 13.2032 us/op
WorkloadResult  33: 65536 op, 949187900.00 ns, 14.4835 us/op
WorkloadResult  34: 65536 op, 965448400.00 ns, 14.7316 us/op
WorkloadResult  35: 65536 op, 939950200.00 ns, 14.3425 us/op
WorkloadResult  36: 65536 op, 942504700.00 ns, 14.3815 us/op
WorkloadResult  37: 65536 op, 974722100.00 ns, 14.8731 us/op
WorkloadResult  38: 65536 op, 993528900.00 ns, 15.1600 us/op
WorkloadResult  39: 65536 op, 995015000.00 ns, 15.1827 us/op
WorkloadResult  40: 65536 op, 981900800.00 ns, 14.9826 us/op
WorkloadResult  41: 65536 op, 973991600.00 ns, 14.8619 us/op
// GC:  1 0 0 20972544 65536
// Threading:  0 0 65536

// AfterAll
// Benchmark Process 65432 has exited with code 0.

Mean = 14.520 μs, StdErr = 0.081 μs (0.56%), N = 41, StdDev = 0.520 μs
Min = 13.203 μs, Q1 = 14.381 μs, Median = 14.611 μs, Q3 = 14.836 μs, Max = 15.234 μs
IQR = 0.455 μs, LowerFence = 13.699 μs, UpperFence = 15.519 μs
ConfidenceInterval = [14.231 μs; 14.808 μs] (CI 99.9%), Margin = 0.288 μs (1.99% of Mean)
Skewness = -0.97, Kurtosis = 3.26, MValue = 2

// ** Remained 28 (66.7%) benchmark(s) to run. Estimated finish 2026-08-18 15:51 (0h 22m from now) **
Setup power plan (GUID: 8c5e7fda-e8bf-4a96-9a85-a6e23a8c635c FriendlyName: High performance)
// **************************
// Benchmark: NamedPipesBenchmarks.NpRg: .NET 8.0(Runtime=.NET 8.0)
// *** Execute ***
// Launch: 1 / 1
// Execute: dotnet 3c452962-e736-4ea3-adfd-9cff5d26791c.dll --anonymousPipes 2328 3488 --benchmarkName ServiceWire.Benchmarks.NamedPipesBenchmarks.NpRg --job ".NET 8.0" --benchmarkId 4 in d:\code\Github\ServiceWire\src\Benchmarks\ServiceWire.Benchmarks\bin\Release\net8.0\3c452962-e736-4ea3-adfd-9cff5d26791c\bin\Release\net8.0
// BeforeAnythingElse

// Benchmark Process Environment Information:
// BenchmarkDotNet v0.14.0
// Runtime=.NET 8.0.30 (8.0.3026.36720), X64 RyuJIT AVX2
// GC=Concurrent Workstation
// HardwareIntrinsics=AVX2,AES,BMI1,BMI2,FMA,LZCNT,PCLMUL,POPCNT VectorSize=256
// Job: .NET 8.0

OverheadJitting  1: 1 op, 136400.00 ns, 136.4000 us/op
WorkloadJitting  1: 1 op, 11460600.00 ns, 11.4606 ms/op

OverheadJitting  2: 16 op, 155100.00 ns, 9.6938 us/op
WorkloadJitting  2: 16 op, 1120200.00 ns, 70.0125 us/op

WorkloadPilot    1: 16 op, 857200.00 ns, 53.5750 us/op
WorkloadPilot    2: 32 op, 1611700.00 ns, 50.3656 us/op
WorkloadPilot    3: 64 op, 3127700.00 ns, 48.8703 us/op
WorkloadPilot    4: 128 op, 6338000.00 ns, 49.5156 us/op
WorkloadPilot    5: 256 op, 13307200.00 ns, 51.9813 us/op
WorkloadPilot    6: 512 op, 26465400.00 ns, 51.6902 us/op
WorkloadPilot    7: 1024 op, 49886400.00 ns, 48.7172 us/op
WorkloadPilot    8: 2048 op, 119704700.00 ns, 58.4496 us/op
WorkloadPilot    9: 4096 op, 245531800.00 ns, 59.9443 us/op
WorkloadPilot   10: 8192 op, 467802700.00 ns, 57.1048 us/op
WorkloadPilot   11: 16384 op, 461059200.00 ns, 28.1408 us/op
WorkloadPilot   12: 32768 op, 754216500.00 ns, 23.0169 us/op

OverheadWarmup   1: 32768 op, 53900.00 ns, 1.6449 ns/op
OverheadWarmup   2: 32768 op, 50000.00 ns, 1.5259 ns/op
OverheadWarmup   3: 32768 op, 53000.00 ns, 1.6174 ns/op
OverheadWarmup   4: 32768 op, 47400.00 ns, 1.4465 ns/op
OverheadWarmup   5: 32768 op, 66400.00 ns, 2.0264 ns/op
OverheadWarmup   6: 32768 op, 52700.00 ns, 1.6083 ns/op

OverheadActual   1: 32768 op, 59700.00 ns, 1.8219 ns/op
OverheadActual   2: 32768 op, 113600.00 ns, 3.4668 ns/op
OverheadActual   3: 32768 op, 53000.00 ns, 1.6174 ns/op
OverheadActual   4: 32768 op, 50800.00 ns, 1.5503 ns/op
OverheadActual   5: 32768 op, 58500.00 ns, 1.7853 ns/op
OverheadActual   6: 32768 op, 50500.00 ns, 1.5411 ns/op
OverheadActual   7: 32768 op, 61000.00 ns, 1.8616 ns/op
OverheadActual   8: 32768 op, 50800.00 ns, 1.5503 ns/op
OverheadActual   9: 32768 op, 53200.00 ns, 1.6235 ns/op
OverheadActual  10: 32768 op, 52400.00 ns, 1.5991 ns/op
OverheadActual  11: 32768 op, 58900.00 ns, 1.7975 ns/op
OverheadActual  12: 32768 op, 54800.00 ns, 1.6724 ns/op
OverheadActual  13: 32768 op, 53100.00 ns, 1.6205 ns/op
OverheadActual  14: 32768 op, 54200.00 ns, 1.6541 ns/op
OverheadActual  15: 32768 op, 53100.00 ns, 1.6205 ns/op
OverheadActual  16: 32768 op, 50800.00 ns, 1.5503 ns/op
OverheadActual  17: 32768 op, 60200.00 ns, 1.8372 ns/op
OverheadActual  18: 32768 op, 57200.00 ns, 1.7456 ns/op
OverheadActual  19: 32768 op, 53800.00 ns, 1.6418 ns/op
OverheadActual  20: 32768 op, 50800.00 ns, 1.5503 ns/op

WorkloadWarmup   1: 32768 op, 737696400.00 ns, 22.5127 us/op
WorkloadWarmup   2: 32768 op, 752251100.00 ns, 22.9569 us/op
WorkloadWarmup   3: 32768 op, 757114400.00 ns, 23.1053 us/op
WorkloadWarmup   4: 32768 op, 759054900.00 ns, 23.1645 us/op
WorkloadWarmup   5: 32768 op, 746590800.00 ns, 22.7841 us/op
WorkloadWarmup   6: 32768 op, 710559100.00 ns, 21.6845 us/op
WorkloadWarmup   7: 32768 op, 594367800.00 ns, 18.1387 us/op
WorkloadWarmup   8: 32768 op, 600539100.00 ns, 18.3270 us/op
WorkloadWarmup   9: 32768 op, 599662500.00 ns, 18.3002 us/op

// BeforeActualRun
WorkloadActual   1: 32768 op, 620859200.00 ns, 18.9471 us/op
WorkloadActual   2: 32768 op, 595493300.00 ns, 18.1730 us/op
WorkloadActual   3: 32768 op, 597345600.00 ns, 18.2295 us/op
WorkloadActual   4: 32768 op, 760264700.00 ns, 23.2014 us/op
WorkloadActual   5: 32768 op, 759056300.00 ns, 23.1646 us/op
WorkloadActual   6: 32768 op, 726061900.00 ns, 22.1577 us/op
WorkloadActual   7: 32768 op, 759122400.00 ns, 23.1666 us/op
WorkloadActual   8: 32768 op, 768361800.00 ns, 23.4485 us/op
WorkloadActual   9: 32768 op, 759793900.00 ns, 23.1871 us/op
WorkloadActual  10: 32768 op, 742857500.00 ns, 22.6702 us/op
WorkloadActual  11: 32768 op, 713988000.00 ns, 21.7892 us/op
WorkloadActual  12: 32768 op, 731903500.00 ns, 22.3359 us/op
WorkloadActual  13: 32768 op, 716685200.00 ns, 21.8715 us/op
WorkloadActual  14: 32768 op, 740671100.00 ns, 22.6035 us/op
WorkloadActual  15: 32768 op, 691918600.00 ns, 21.1157 us/op
WorkloadActual  16: 32768 op, 727780600.00 ns, 22.2101 us/op
WorkloadActual  17: 32768 op, 742923700.00 ns, 22.6722 us/op
WorkloadActual  18: 32768 op, 735223200.00 ns, 22.4372 us/op
WorkloadActual  19: 32768 op, 746097000.00 ns, 22.7691 us/op
WorkloadActual  20: 32768 op, 758950900.00 ns, 23.1613 us/op
WorkloadActual  21: 32768 op, 765593600.00 ns, 23.3641 us/op
WorkloadActual  22: 32768 op, 755441300.00 ns, 23.0542 us/op
WorkloadActual  23: 32768 op, 756190500.00 ns, 23.0771 us/op
WorkloadActual  24: 32768 op, 760023700.00 ns, 23.1941 us/op
WorkloadActual  25: 32768 op, 760022900.00 ns, 23.1941 us/op
WorkloadActual  26: 32768 op, 757086000.00 ns, 23.1044 us/op
WorkloadActual  27: 32768 op, 758175700.00 ns, 23.1377 us/op
WorkloadActual  28: 32768 op, 727067300.00 ns, 22.1883 us/op
WorkloadActual  29: 32768 op, 755665500.00 ns, 23.0611 us/op
WorkloadActual  30: 32768 op, 754726400.00 ns, 23.0324 us/op
WorkloadActual  31: 32768 op, 760179000.00 ns, 23.1988 us/op
WorkloadActual  32: 32768 op, 711187600.00 ns, 21.7037 us/op
WorkloadActual  33: 32768 op, 750517200.00 ns, 22.9040 us/op
WorkloadActual  34: 32768 op, 672875500.00 ns, 20.5345 us/op
WorkloadActual  35: 32768 op, 669562800.00 ns, 20.4334 us/op
WorkloadActual  36: 32768 op, 714069500.00 ns, 21.7917 us/op
WorkloadActual  37: 32768 op, 739199100.00 ns, 22.5586 us/op
WorkloadActual  38: 32768 op, 673466500.00 ns, 20.5526 us/op
WorkloadActual  39: 32768 op, 681674000.00 ns, 20.8030 us/op
WorkloadActual  40: 32768 op, 755799800.00 ns, 23.0652 us/op
WorkloadActual  41: 32768 op, 727446600.00 ns, 22.1999 us/op
WorkloadActual  42: 32768 op, 747285100.00 ns, 22.8053 us/op
WorkloadActual  43: 32768 op, 759380200.00 ns, 23.1744 us/op
WorkloadActual  44: 32768 op, 756816900.00 ns, 23.0962 us/op
WorkloadActual  45: 32768 op, 756390500.00 ns, 23.0832 us/op
WorkloadActual  46: 32768 op, 747112700.00 ns, 22.8001 us/op
WorkloadActual  47: 32768 op, 747945600.00 ns, 22.8255 us/op
WorkloadActual  48: 32768 op, 756335900.00 ns, 23.0815 us/op
WorkloadActual  49: 32768 op, 766094700.00 ns, 23.3794 us/op
WorkloadActual  50: 32768 op, 738975900.00 ns, 22.5518 us/op
WorkloadActual  51: 32768 op, 605286800.00 ns, 18.4719 us/op
WorkloadActual  52: 32768 op, 656388000.00 ns, 20.0314 us/op
WorkloadActual  53: 32768 op, 742830600.00 ns, 22.6694 us/op
WorkloadActual  54: 32768 op, 602936700.00 ns, 18.4002 us/op
WorkloadActual  55: 32768 op, 625149900.00 ns, 19.0781 us/op
WorkloadActual  56: 32768 op, 611532100.00 ns, 18.6625 us/op
WorkloadActual  57: 32768 op, 617536200.00 ns, 18.8457 us/op
WorkloadActual  58: 32768 op, 609935600.00 ns, 18.6138 us/op
WorkloadActual  59: 32768 op, 708273100.00 ns, 21.6148 us/op
WorkloadActual  60: 32768 op, 736561600.00 ns, 22.4781 us/op
WorkloadActual  61: 32768 op, 633049200.00 ns, 19.3191 us/op
WorkloadActual  62: 32768 op, 616922700.00 ns, 18.8270 us/op
WorkloadActual  63: 32768 op, 600277000.00 ns, 18.3190 us/op
WorkloadActual  64: 32768 op, 623092700.00 ns, 19.0153 us/op
WorkloadActual  65: 32768 op, 618320300.00 ns, 18.8696 us/op
WorkloadActual  66: 32768 op, 615701400.00 ns, 18.7897 us/op
WorkloadActual  67: 32768 op, 771797800.00 ns, 23.5534 us/op
WorkloadActual  68: 32768 op, 729659900.00 ns, 22.2675 us/op
WorkloadActual  69: 32768 op, 747066200.00 ns, 22.7987 us/op
WorkloadActual  70: 32768 op, 725419900.00 ns, 22.1381 us/op
WorkloadActual  71: 32768 op, 683735100.00 ns, 20.8659 us/op
WorkloadActual  72: 32768 op, 599574800.00 ns, 18.2976 us/op
WorkloadActual  73: 32768 op, 590918400.00 ns, 18.0334 us/op
WorkloadActual  74: 32768 op, 611587700.00 ns, 18.6642 us/op
WorkloadActual  75: 32768 op, 622176800.00 ns, 18.9873 us/op
WorkloadActual  76: 32768 op, 601355200.00 ns, 18.3519 us/op
WorkloadActual  77: 32768 op, 608210100.00 ns, 18.5611 us/op
WorkloadActual  78: 32768 op, 705558100.00 ns, 21.5319 us/op
WorkloadActual  79: 32768 op, 753660500.00 ns, 22.9999 us/op
WorkloadActual  80: 32768 op, 741269800.00 ns, 22.6218 us/op
WorkloadActual  81: 32768 op, 761795400.00 ns, 23.2482 us/op
WorkloadActual  82: 32768 op, 764885200.00 ns, 23.3424 us/op
WorkloadActual  83: 32768 op, 747321500.00 ns, 22.8064 us/op
WorkloadActual  84: 32768 op, 686454500.00 ns, 20.9489 us/op
WorkloadActual  85: 32768 op, 597428300.00 ns, 18.2321 us/op
WorkloadActual  86: 32768 op, 598187900.00 ns, 18.2552 us/op
WorkloadActual  87: 32768 op, 726283100.00 ns, 22.1644 us/op
WorkloadActual  88: 32768 op, 756252700.00 ns, 23.0790 us/op
WorkloadActual  89: 32768 op, 679249400.00 ns, 20.7290 us/op
WorkloadActual  90: 32768 op, 623762100.00 ns, 19.0357 us/op
WorkloadActual  91: 32768 op, 596371900.00 ns, 18.1998 us/op
WorkloadActual  92: 32768 op, 600081500.00 ns, 18.3130 us/op
WorkloadActual  93: 32768 op, 679068400.00 ns, 20.7235 us/op
WorkloadActual  94: 32768 op, 751259900.00 ns, 22.9266 us/op
WorkloadActual  95: 32768 op, 716462500.00 ns, 21.8647 us/op
WorkloadActual  96: 32768 op, 698567800.00 ns, 21.3186 us/op
WorkloadActual  97: 32768 op, 763038900.00 ns, 23.2861 us/op
WorkloadActual  98: 32768 op, 743236300.00 ns, 22.6818 us/op
WorkloadActual  99: 32768 op, 744760400.00 ns, 22.7283 us/op
WorkloadActual  100: 32768 op, 747364900.00 ns, 22.8078 us/op

// AfterActualRun
WorkloadResult   1: 32768 op, 620805700.00 ns, 18.9455 us/op
WorkloadResult   2: 32768 op, 595439800.00 ns, 18.1714 us/op
WorkloadResult   3: 32768 op, 597292100.00 ns, 18.2279 us/op
WorkloadResult   4: 32768 op, 760211200.00 ns, 23.1998 us/op
WorkloadResult   5: 32768 op, 759002800.00 ns, 23.1629 us/op
WorkloadResult   6: 32768 op, 726008400.00 ns, 22.1560 us/op
WorkloadResult   7: 32768 op, 759068900.00 ns, 23.1649 us/op
WorkloadResult   8: 32768 op, 768308300.00 ns, 23.4469 us/op
WorkloadResult   9: 32768 op, 759740400.00 ns, 23.1854 us/op
WorkloadResult  10: 32768 op, 742804000.00 ns, 22.6686 us/op
WorkloadResult  11: 32768 op, 713934500.00 ns, 21.7876 us/op
WorkloadResult  12: 32768 op, 731850000.00 ns, 22.3343 us/op
WorkloadResult  13: 32768 op, 716631700.00 ns, 21.8699 us/op
WorkloadResult  14: 32768 op, 740617600.00 ns, 22.6019 us/op
WorkloadResult  15: 32768 op, 691865100.00 ns, 21.1140 us/op
WorkloadResult  16: 32768 op, 727727100.00 ns, 22.2085 us/op
WorkloadResult  17: 32768 op, 742870200.00 ns, 22.6706 us/op
WorkloadResult  18: 32768 op, 735169700.00 ns, 22.4356 us/op
WorkloadResult  19: 32768 op, 746043500.00 ns, 22.7674 us/op
WorkloadResult  20: 32768 op, 758897400.00 ns, 23.1597 us/op
WorkloadResult  21: 32768 op, 765540100.00 ns, 23.3624 us/op
WorkloadResult  22: 32768 op, 755387800.00 ns, 23.0526 us/op
WorkloadResult  23: 32768 op, 756137000.00 ns, 23.0755 us/op
WorkloadResult  24: 32768 op, 759970200.00 ns, 23.1924 us/op
WorkloadResult  25: 32768 op, 759969400.00 ns, 23.1924 us/op
WorkloadResult  26: 32768 op, 757032500.00 ns, 23.1028 us/op
WorkloadResult  27: 32768 op, 758122200.00 ns, 23.1361 us/op
WorkloadResult  28: 32768 op, 727013800.00 ns, 22.1867 us/op
WorkloadResult  29: 32768 op, 755612000.00 ns, 23.0594 us/op
WorkloadResult  30: 32768 op, 754672900.00 ns, 23.0308 us/op
WorkloadResult  31: 32768 op, 760125500.00 ns, 23.1972 us/op
WorkloadResult  32: 32768 op, 711134100.00 ns, 21.7021 us/op
WorkloadResult  33: 32768 op, 750463700.00 ns, 22.9023 us/op
WorkloadResult  34: 32768 op, 672822000.00 ns, 20.5329 us/op
WorkloadResult  35: 32768 op, 669509300.00 ns, 20.4318 us/op
WorkloadResult  36: 32768 op, 714016000.00 ns, 21.7900 us/op
WorkloadResult  37: 32768 op, 739145600.00 ns, 22.5569 us/op
WorkloadResult  38: 32768 op, 673413000.00 ns, 20.5509 us/op
WorkloadResult  39: 32768 op, 681620500.00 ns, 20.8014 us/op
WorkloadResult  40: 32768 op, 755746300.00 ns, 23.0635 us/op
WorkloadResult  41: 32768 op, 727393100.00 ns, 22.1983 us/op
WorkloadResult  42: 32768 op, 747231600.00 ns, 22.8037 us/op
WorkloadResult  43: 32768 op, 759326700.00 ns, 23.1728 us/op
WorkloadResult  44: 32768 op, 756763400.00 ns, 23.0946 us/op
WorkloadResult  45: 32768 op, 756337000.00 ns, 23.0816 us/op
WorkloadResult  46: 32768 op, 747059200.00 ns, 22.7984 us/op
WorkloadResult  47: 32768 op, 747892100.00 ns, 22.8239 us/op
WorkloadResult  48: 32768 op, 756282400.00 ns, 23.0799 us/op
WorkloadResult  49: 32768 op, 766041200.00 ns, 23.3777 us/op
WorkloadResult  50: 32768 op, 738922400.00 ns, 22.5501 us/op
WorkloadResult  51: 32768 op, 605233300.00 ns, 18.4703 us/op
WorkloadResult  52: 32768 op, 656334500.00 ns, 20.0297 us/op
WorkloadResult  53: 32768 op, 742777100.00 ns, 22.6678 us/op
WorkloadResult  54: 32768 op, 602883200.00 ns, 18.3985 us/op
WorkloadResult  55: 32768 op, 625096400.00 ns, 19.0764 us/op
WorkloadResult  56: 32768 op, 611478600.00 ns, 18.6608 us/op
WorkloadResult  57: 32768 op, 617482700.00 ns, 18.8441 us/op
WorkloadResult  58: 32768 op, 609882100.00 ns, 18.6121 us/op
WorkloadResult  59: 32768 op, 708219600.00 ns, 21.6131 us/op
WorkloadResult  60: 32768 op, 736508100.00 ns, 22.4764 us/op
WorkloadResult  61: 32768 op, 632995700.00 ns, 19.3175 us/op
WorkloadResult  62: 32768 op, 616869200.00 ns, 18.8254 us/op
WorkloadResult  63: 32768 op, 600223500.00 ns, 18.3174 us/op
WorkloadResult  64: 32768 op, 623039200.00 ns, 19.0136 us/op
WorkloadResult  65: 32768 op, 618266800.00 ns, 18.8680 us/op
WorkloadResult  66: 32768 op, 615647900.00 ns, 18.7881 us/op
WorkloadResult  67: 32768 op, 771744300.00 ns, 23.5518 us/op
WorkloadResult  68: 32768 op, 729606400.00 ns, 22.2658 us/op
WorkloadResult  69: 32768 op, 747012700.00 ns, 22.7970 us/op
WorkloadResult  70: 32768 op, 725366400.00 ns, 22.1364 us/op
WorkloadResult  71: 32768 op, 683681600.00 ns, 20.8643 us/op
WorkloadResult  72: 32768 op, 599521300.00 ns, 18.2959 us/op
WorkloadResult  73: 32768 op, 590864900.00 ns, 18.0318 us/op
WorkloadResult  74: 32768 op, 611534200.00 ns, 18.6625 us/op
WorkloadResult  75: 32768 op, 622123300.00 ns, 18.9857 us/op
WorkloadResult  76: 32768 op, 601301700.00 ns, 18.3503 us/op
WorkloadResult  77: 32768 op, 608156600.00 ns, 18.5595 us/op
WorkloadResult  78: 32768 op, 705504600.00 ns, 21.5303 us/op
WorkloadResult  79: 32768 op, 753607000.00 ns, 22.9983 us/op
WorkloadResult  80: 32768 op, 741216300.00 ns, 22.6201 us/op
WorkloadResult  81: 32768 op, 761741900.00 ns, 23.2465 us/op
WorkloadResult  82: 32768 op, 764831700.00 ns, 23.3408 us/op
WorkloadResult  83: 32768 op, 747268000.00 ns, 22.8048 us/op
WorkloadResult  84: 32768 op, 686401000.00 ns, 20.9473 us/op
WorkloadResult  85: 32768 op, 597374800.00 ns, 18.2304 us/op
WorkloadResult  86: 32768 op, 598134400.00 ns, 18.2536 us/op
WorkloadResult  87: 32768 op, 726229600.00 ns, 22.1628 us/op
WorkloadResult  88: 32768 op, 756199200.00 ns, 23.0774 us/op
WorkloadResult  89: 32768 op, 679195900.00 ns, 20.7274 us/op
WorkloadResult  90: 32768 op, 623708600.00 ns, 19.0341 us/op
WorkloadResult  91: 32768 op, 596318400.00 ns, 18.1982 us/op
WorkloadResult  92: 32768 op, 600028000.00 ns, 18.3114 us/op
WorkloadResult  93: 32768 op, 679014900.00 ns, 20.7219 us/op
WorkloadResult  94: 32768 op, 751206400.00 ns, 22.9250 us/op
WorkloadResult  95: 32768 op, 716409000.00 ns, 21.8631 us/op
WorkloadResult  96: 32768 op, 698514300.00 ns, 21.3170 us/op
WorkloadResult  97: 32768 op, 762985400.00 ns, 23.2845 us/op
WorkloadResult  98: 32768 op, 743182800.00 ns, 22.6801 us/op
WorkloadResult  99: 32768 op, 744706900.00 ns, 22.7267 us/op
WorkloadResult  100: 32768 op, 747311400.00 ns, 22.8061 us/op
// GC:  15 0 0 246678864 32768
// Threading:  0 0 32768

// AfterAll
// Benchmark Process 55056 has exited with code 0.

Mean = 21.445 μs, StdErr = 0.186 μs (0.87%), N = 100, StdDev = 1.863 μs
Min = 18.032 μs, Q1 = 19.257 μs, Median = 22.237 μs, Q3 = 23.054 μs, Max = 23.552 μs
IQR = 3.797 μs, LowerFence = 13.562 μs, UpperFence = 28.750 μs
ConfidenceInterval = [20.813 μs; 22.076 μs] (CI 99.9%), Margin = 0.632 μs (2.95% of Mean)
Skewness = -0.68, Kurtosis = 1.82, MValue = 2.98

// ** Remained 27 (64.3%) benchmark(s) to run. Estimated finish 2026-08-18 15:53 (0h 22m from now) **
Setup power plan (GUID: 8c5e7fda-e8bf-4a96-9a85-a6e23a8c635c FriendlyName: High performance)
// **************************
// Benchmark: NamedPipesBenchmarks.NpRgJson: .NET 8.0(Runtime=.NET 8.0)
// *** Execute ***
// Launch: 1 / 1
// Execute: dotnet 3c452962-e736-4ea3-adfd-9cff5d26791c.dll --anonymousPipes 3816 4780 --benchmarkName ServiceWire.Benchmarks.NamedPipesBenchmarks.NpRgJson --job ".NET 8.0" --benchmarkId 5 in d:\code\Github\ServiceWire\src\Benchmarks\ServiceWire.Benchmarks\bin\Release\net8.0\3c452962-e736-4ea3-adfd-9cff5d26791c\bin\Release\net8.0
// BeforeAnythingElse

// Benchmark Process Environment Information:
// BenchmarkDotNet v0.14.0
// Runtime=.NET 8.0.30 (8.0.3026.36720), X64 RyuJIT AVX2
// GC=Concurrent Workstation
// HardwareIntrinsics=AVX2,AES,BMI1,BMI2,FMA,LZCNT,PCLMUL,POPCNT VectorSize=256
// Job: .NET 8.0

OverheadJitting  1: 1 op, 152800.00 ns, 152.8000 us/op
WorkloadJitting  1: 1 op, 14448500.00 ns, 14.4485 ms/op

OverheadJitting  2: 16 op, 132000.00 ns, 8.2500 us/op
WorkloadJitting  2: 16 op, 1967300.00 ns, 122.9563 us/op

WorkloadPilot    1: 16 op, 1759000.00 ns, 109.9375 us/op
WorkloadPilot    2: 32 op, 3419700.00 ns, 106.8656 us/op
WorkloadPilot    3: 64 op, 6124200.00 ns, 95.6906 us/op
WorkloadPilot    4: 128 op, 12935100.00 ns, 101.0555 us/op
WorkloadPilot    5: 256 op, 23359000.00 ns, 91.2461 us/op
WorkloadPilot    6: 512 op, 49826700.00 ns, 97.3178 us/op
WorkloadPilot    7: 1024 op, 129244000.00 ns, 126.2148 us/op
WorkloadPilot    8: 2048 op, 226919400.00 ns, 110.8005 us/op
WorkloadPilot    9: 4096 op, 427315800.00 ns, 104.3251 us/op
WorkloadPilot   10: 8192 op, 313556200.00 ns, 38.2759 us/op
WorkloadPilot   11: 16384 op, 478341600.00 ns, 29.1957 us/op
WorkloadPilot   12: 32768 op, 939628800.00 ns, 28.6752 us/op

OverheadWarmup   1: 32768 op, 56900.00 ns, 1.7365 ns/op
OverheadWarmup   2: 32768 op, 50900.00 ns, 1.5533 ns/op
OverheadWarmup   3: 32768 op, 53800.00 ns, 1.6418 ns/op
OverheadWarmup   4: 32768 op, 57100.00 ns, 1.7426 ns/op
OverheadWarmup   5: 32768 op, 53300.00 ns, 1.6266 ns/op
OverheadWarmup   6: 32768 op, 51200.00 ns, 1.5625 ns/op
OverheadWarmup   7: 32768 op, 53000.00 ns, 1.6174 ns/op
OverheadWarmup   8: 32768 op, 50800.00 ns, 1.5503 ns/op

OverheadActual   1: 32768 op, 56200.00 ns, 1.7151 ns/op
OverheadActual   2: 32768 op, 49900.00 ns, 1.5228 ns/op
OverheadActual   3: 32768 op, 53100.00 ns, 1.6205 ns/op
OverheadActual   4: 32768 op, 47200.00 ns, 1.4404 ns/op
OverheadActual   5: 32768 op, 53000.00 ns, 1.6174 ns/op
OverheadActual   6: 32768 op, 61700.00 ns, 1.8829 ns/op
OverheadActual   7: 32768 op, 56100.00 ns, 1.7120 ns/op
OverheadActual   8: 32768 op, 76900.00 ns, 2.3468 ns/op
OverheadActual   9: 32768 op, 66300.00 ns, 2.0233 ns/op
OverheadActual  10: 32768 op, 49200.00 ns, 1.5015 ns/op
OverheadActual  11: 32768 op, 62600.00 ns, 1.9104 ns/op
OverheadActual  12: 32768 op, 49900.00 ns, 1.5228 ns/op
OverheadActual  13: 32768 op, 53800.00 ns, 1.6418 ns/op
OverheadActual  14: 32768 op, 47400.00 ns, 1.4465 ns/op
OverheadActual  15: 32768 op, 53000.00 ns, 1.6174 ns/op
OverheadActual  16: 32768 op, 51200.00 ns, 1.5625 ns/op
OverheadActual  17: 32768 op, 53000.00 ns, 1.6174 ns/op
OverheadActual  18: 32768 op, 50300.00 ns, 1.5350 ns/op
OverheadActual  19: 32768 op, 53000.00 ns, 1.6174 ns/op
OverheadActual  20: 32768 op, 59000.00 ns, 1.8005 ns/op

WorkloadWarmup   1: 32768 op, 952072400.00 ns, 29.0549 us/op
WorkloadWarmup   2: 32768 op, 843108000.00 ns, 25.7296 us/op
WorkloadWarmup   3: 32768 op, 830993800.00 ns, 25.3599 us/op
WorkloadWarmup   4: 32768 op, 900857800.00 ns, 27.4920 us/op
WorkloadWarmup   5: 32768 op, 938786100.00 ns, 28.6495 us/op
WorkloadWarmup   6: 32768 op, 945177700.00 ns, 28.8445 us/op
WorkloadWarmup   7: 32768 op, 880561700.00 ns, 26.8726 us/op
WorkloadWarmup   8: 32768 op, 852570200.00 ns, 26.0184 us/op
WorkloadWarmup   9: 32768 op, 843182800.00 ns, 25.7319 us/op
WorkloadWarmup  10: 32768 op, 959967900.00 ns, 29.2959 us/op
WorkloadWarmup  11: 32768 op, 958067100.00 ns, 29.2379 us/op

// BeforeActualRun
WorkloadActual   1: 32768 op, 957019200.00 ns, 29.2059 us/op
WorkloadActual   2: 32768 op, 906754400.00 ns, 27.6719 us/op
WorkloadActual   3: 32768 op, 959314300.00 ns, 29.2759 us/op
WorkloadActual   4: 32768 op, 932520900.00 ns, 28.4583 us/op
WorkloadActual   5: 32768 op, 937654700.00 ns, 28.6150 us/op
WorkloadActual   6: 32768 op, 931893600.00 ns, 28.4391 us/op
WorkloadActual   7: 32768 op, 938308000.00 ns, 28.6349 us/op
WorkloadActual   8: 32768 op, 950382600.00 ns, 29.0034 us/op
WorkloadActual   9: 32768 op, 945111000.00 ns, 28.8425 us/op
WorkloadActual  10: 32768 op, 882718700.00 ns, 26.9384 us/op
WorkloadActual  11: 32768 op, 814706800.00 ns, 24.8629 us/op
WorkloadActual  12: 32768 op, 901290000.00 ns, 27.5052 us/op
WorkloadActual  13: 32768 op, 950007200.00 ns, 28.9919 us/op
WorkloadActual  14: 32768 op, 957779700.00 ns, 29.2291 us/op
WorkloadActual  15: 32768 op, 960785400.00 ns, 29.3208 us/op
WorkloadActual  16: 32768 op, 957515700.00 ns, 29.2211 us/op
WorkloadActual  17: 32768 op, 995291100.00 ns, 30.3739 us/op
WorkloadActual  18: 32768 op, 1000118700.00 ns, 30.5212 us/op
WorkloadActual  19: 32768 op, 879585200.00 ns, 26.8428 us/op
WorkloadActual  20: 32768 op, 863516100.00 ns, 26.3524 us/op
WorkloadActual  21: 32768 op, 966174000.00 ns, 29.4853 us/op
WorkloadActual  22: 32768 op, 1007973300.00 ns, 30.7609 us/op
WorkloadActual  23: 32768 op, 1097318300.00 ns, 33.4875 us/op
WorkloadActual  24: 32768 op, 980157700.00 ns, 29.9120 us/op
WorkloadActual  25: 32768 op, 973485100.00 ns, 29.7084 us/op
WorkloadActual  26: 32768 op, 972614400.00 ns, 29.6818 us/op
WorkloadActual  27: 32768 op, 903365300.00 ns, 27.5685 us/op
WorkloadActual  28: 32768 op, 973110500.00 ns, 29.6970 us/op
WorkloadActual  29: 32768 op, 962359000.00 ns, 29.3689 us/op
WorkloadActual  30: 32768 op, 967860500.00 ns, 29.5368 us/op
WorkloadActual  31: 32768 op, 968898900.00 ns, 29.5684 us/op
WorkloadActual  32: 32768 op, 936312500.00 ns, 28.5740 us/op
WorkloadActual  33: 32768 op, 990779000.00 ns, 30.2362 us/op
WorkloadActual  34: 32768 op, 994134400.00 ns, 30.3386 us/op
WorkloadActual  35: 32768 op, 1058589300.00 ns, 32.3056 us/op
WorkloadActual  36: 32768 op, 1027987200.00 ns, 31.3717 us/op
WorkloadActual  37: 32768 op, 983784000.00 ns, 30.0227 us/op
WorkloadActual  38: 32768 op, 991174000.00 ns, 30.2482 us/op
WorkloadActual  39: 32768 op, 1004816400.00 ns, 30.6646 us/op
WorkloadActual  40: 32768 op, 946820700.00 ns, 28.8947 us/op
WorkloadActual  41: 32768 op, 923029400.00 ns, 28.1686 us/op
WorkloadActual  42: 32768 op, 972699500.00 ns, 29.6844 us/op
WorkloadActual  43: 32768 op, 1013825600.00 ns, 30.9395 us/op
WorkloadActual  44: 32768 op, 1022572900.00 ns, 31.2064 us/op
WorkloadActual  45: 32768 op, 889215900.00 ns, 27.1367 us/op
WorkloadActual  46: 32768 op, 932590800.00 ns, 28.4604 us/op
WorkloadActual  47: 32768 op, 891326200.00 ns, 27.2011 us/op
WorkloadActual  48: 32768 op, 912248200.00 ns, 27.8396 us/op
WorkloadActual  49: 32768 op, 1044759200.00 ns, 31.8835 us/op
WorkloadActual  50: 32768 op, 1035231700.00 ns, 31.5928 us/op
WorkloadActual  51: 32768 op, 1097751400.00 ns, 33.5007 us/op
WorkloadActual  52: 32768 op, 1036153300.00 ns, 31.6209 us/op
WorkloadActual  53: 32768 op, 1085299300.00 ns, 33.1207 us/op
WorkloadActual  54: 32768 op, 991211800.00 ns, 30.2494 us/op
WorkloadActual  55: 32768 op, 1040482700.00 ns, 31.7530 us/op
WorkloadActual  56: 32768 op, 1085914400.00 ns, 33.1395 us/op
WorkloadActual  57: 32768 op, 1053462200.00 ns, 32.1491 us/op
WorkloadActual  58: 32768 op, 963231000.00 ns, 29.3955 us/op
WorkloadActual  59: 32768 op, 947674500.00 ns, 28.9207 us/op
WorkloadActual  60: 32768 op, 932289900.00 ns, 28.4512 us/op
WorkloadActual  61: 32768 op, 922628900.00 ns, 28.1564 us/op
WorkloadActual  62: 32768 op, 889966100.00 ns, 27.1596 us/op
WorkloadActual  63: 32768 op, 1039241600.00 ns, 31.7151 us/op
WorkloadActual  64: 32768 op, 1131583500.00 ns, 34.5332 us/op
WorkloadActual  65: 32768 op, 1127215100.00 ns, 34.3999 us/op
WorkloadActual  66: 32768 op, 1095670200.00 ns, 33.4372 us/op
WorkloadActual  67: 32768 op, 1001503700.00 ns, 30.5635 us/op
WorkloadActual  68: 32768 op, 939645300.00 ns, 28.6757 us/op
WorkloadActual  69: 32768 op, 884246500.00 ns, 26.9851 us/op
WorkloadActual  70: 32768 op, 873168700.00 ns, 26.6470 us/op
WorkloadActual  71: 32768 op, 941104200.00 ns, 28.7202 us/op
WorkloadActual  72: 32768 op, 1040834100.00 ns, 31.7637 us/op
WorkloadActual  73: 32768 op, 1079301700.00 ns, 32.9377 us/op
WorkloadActual  74: 32768 op, 1065506000.00 ns, 32.5167 us/op
WorkloadActual  75: 32768 op, 1049877000.00 ns, 32.0397 us/op
WorkloadActual  76: 32768 op, 1041347500.00 ns, 31.7794 us/op
WorkloadActual  77: 32768 op, 1034056500.00 ns, 31.5569 us/op
WorkloadActual  78: 32768 op, 1076581200.00 ns, 32.8547 us/op
WorkloadActual  79: 32768 op, 1136286800.00 ns, 34.6767 us/op
WorkloadActual  80: 32768 op, 1118439400.00 ns, 34.1321 us/op
WorkloadActual  81: 32768 op, 1077843500.00 ns, 32.8932 us/op
WorkloadActual  82: 32768 op, 1040695700.00 ns, 31.7595 us/op
WorkloadActual  83: 32768 op, 1043214800.00 ns, 31.8364 us/op
WorkloadActual  84: 32768 op, 989797700.00 ns, 30.2062 us/op
WorkloadActual  85: 32768 op, 1029121300.00 ns, 31.4063 us/op
WorkloadActual  86: 32768 op, 1068674000.00 ns, 32.6133 us/op
WorkloadActual  87: 32768 op, 1001960200.00 ns, 30.5774 us/op
WorkloadActual  88: 32768 op, 1021247100.00 ns, 31.1660 us/op
WorkloadActual  89: 32768 op, 1035146700.00 ns, 31.5902 us/op
WorkloadActual  90: 32768 op, 1032047200.00 ns, 31.4956 us/op
WorkloadActual  91: 32768 op, 1067437400.00 ns, 32.5756 us/op
WorkloadActual  92: 32768 op, 1052506000.00 ns, 32.1199 us/op
WorkloadActual  93: 32768 op, 958456500.00 ns, 29.2498 us/op
WorkloadActual  94: 32768 op, 1030663500.00 ns, 31.4534 us/op
WorkloadActual  95: 32768 op, 1015069100.00 ns, 30.9775 us/op
WorkloadActual  96: 32768 op, 990660400.00 ns, 30.2326 us/op
WorkloadActual  97: 32768 op, 976730500.00 ns, 29.8074 us/op
WorkloadActual  98: 32768 op, 1004024500.00 ns, 30.6404 us/op
WorkloadActual  99: 32768 op, 1000020900.00 ns, 30.5182 us/op
WorkloadActual  100: 32768 op, 967162500.00 ns, 29.5155 us/op

// AfterActualRun
WorkloadResult   1: 32768 op, 956966200.00 ns, 29.2043 us/op
WorkloadResult   2: 32768 op, 906701400.00 ns, 27.6703 us/op
WorkloadResult   3: 32768 op, 959261300.00 ns, 29.2743 us/op
WorkloadResult   4: 32768 op, 932467900.00 ns, 28.4567 us/op
WorkloadResult   5: 32768 op, 937601700.00 ns, 28.6133 us/op
WorkloadResult   6: 32768 op, 931840600.00 ns, 28.4375 us/op
WorkloadResult   7: 32768 op, 938255000.00 ns, 28.6333 us/op
WorkloadResult   8: 32768 op, 950329600.00 ns, 29.0018 us/op
WorkloadResult   9: 32768 op, 945058000.00 ns, 28.8409 us/op
WorkloadResult  10: 32768 op, 882665700.00 ns, 26.9368 us/op
WorkloadResult  11: 32768 op, 814653800.00 ns, 24.8613 us/op
WorkloadResult  12: 32768 op, 901237000.00 ns, 27.5036 us/op
WorkloadResult  13: 32768 op, 949954200.00 ns, 28.9903 us/op
WorkloadResult  14: 32768 op, 957726700.00 ns, 29.2275 us/op
WorkloadResult  15: 32768 op, 960732400.00 ns, 29.3192 us/op
WorkloadResult  16: 32768 op, 957462700.00 ns, 29.2194 us/op
WorkloadResult  17: 32768 op, 995238100.00 ns, 30.3723 us/op
WorkloadResult  18: 32768 op, 1000065700.00 ns, 30.5196 us/op
WorkloadResult  19: 32768 op, 879532200.00 ns, 26.8412 us/op
WorkloadResult  20: 32768 op, 863463100.00 ns, 26.3508 us/op
WorkloadResult  21: 32768 op, 966121000.00 ns, 29.4837 us/op
WorkloadResult  22: 32768 op, 1007920300.00 ns, 30.7593 us/op
WorkloadResult  23: 32768 op, 1097265300.00 ns, 33.4859 us/op
WorkloadResult  24: 32768 op, 980104700.00 ns, 29.9104 us/op
WorkloadResult  25: 32768 op, 973432100.00 ns, 29.7068 us/op
WorkloadResult  26: 32768 op, 972561400.00 ns, 29.6802 us/op
WorkloadResult  27: 32768 op, 903312300.00 ns, 27.5669 us/op
WorkloadResult  28: 32768 op, 973057500.00 ns, 29.6954 us/op
WorkloadResult  29: 32768 op, 962306000.00 ns, 29.3672 us/op
WorkloadResult  30: 32768 op, 967807500.00 ns, 29.5351 us/op
WorkloadResult  31: 32768 op, 968845900.00 ns, 29.5668 us/op
WorkloadResult  32: 32768 op, 936259500.00 ns, 28.5724 us/op
WorkloadResult  33: 32768 op, 990726000.00 ns, 30.2346 us/op
WorkloadResult  34: 32768 op, 994081400.00 ns, 30.3370 us/op
WorkloadResult  35: 32768 op, 1058536300.00 ns, 32.3040 us/op
WorkloadResult  36: 32768 op, 1027934200.00 ns, 31.3701 us/op
WorkloadResult  37: 32768 op, 983731000.00 ns, 30.0211 us/op
WorkloadResult  38: 32768 op, 991121000.00 ns, 30.2466 us/op
WorkloadResult  39: 32768 op, 1004763400.00 ns, 30.6629 us/op
WorkloadResult  40: 32768 op, 946767700.00 ns, 28.8931 us/op
WorkloadResult  41: 32768 op, 922976400.00 ns, 28.1670 us/op
WorkloadResult  42: 32768 op, 972646500.00 ns, 29.6828 us/op
WorkloadResult  43: 32768 op, 1013772600.00 ns, 30.9379 us/op
WorkloadResult  44: 32768 op, 1022519900.00 ns, 31.2048 us/op
WorkloadResult  45: 32768 op, 889162900.00 ns, 27.1351 us/op
WorkloadResult  46: 32768 op, 932537800.00 ns, 28.4588 us/op
WorkloadResult  47: 32768 op, 891273200.00 ns, 27.1995 us/op
WorkloadResult  48: 32768 op, 912195200.00 ns, 27.8380 us/op
WorkloadResult  49: 32768 op, 1044706200.00 ns, 31.8819 us/op
WorkloadResult  50: 32768 op, 1035178700.00 ns, 31.5911 us/op
WorkloadResult  51: 32768 op, 1097698400.00 ns, 33.4991 us/op
WorkloadResult  52: 32768 op, 1036100300.00 ns, 31.6193 us/op
WorkloadResult  53: 32768 op, 1085246300.00 ns, 33.1191 us/op
WorkloadResult  54: 32768 op, 991158800.00 ns, 30.2478 us/op
WorkloadResult  55: 32768 op, 1040429700.00 ns, 31.7514 us/op
WorkloadResult  56: 32768 op, 1085861400.00 ns, 33.1379 us/op
WorkloadResult  57: 32768 op, 1053409200.00 ns, 32.1475 us/op
WorkloadResult  58: 32768 op, 963178000.00 ns, 29.3939 us/op
WorkloadResult  59: 32768 op, 947621500.00 ns, 28.9191 us/op
WorkloadResult  60: 32768 op, 932236900.00 ns, 28.4496 us/op
WorkloadResult  61: 32768 op, 922575900.00 ns, 28.1548 us/op
WorkloadResult  62: 32768 op, 889913100.00 ns, 27.1580 us/op
WorkloadResult  63: 32768 op, 1039188600.00 ns, 31.7135 us/op
WorkloadResult  64: 32768 op, 1131530500.00 ns, 34.5316 us/op
WorkloadResult  65: 32768 op, 1127162100.00 ns, 34.3983 us/op
WorkloadResult  66: 32768 op, 1095617200.00 ns, 33.4356 us/op
WorkloadResult  67: 32768 op, 1001450700.00 ns, 30.5618 us/op
WorkloadResult  68: 32768 op, 939592300.00 ns, 28.6741 us/op
WorkloadResult  69: 32768 op, 884193500.00 ns, 26.9834 us/op
WorkloadResult  70: 32768 op, 873115700.00 ns, 26.6454 us/op
WorkloadResult  71: 32768 op, 941051200.00 ns, 28.7186 us/op
WorkloadResult  72: 32768 op, 1040781100.00 ns, 31.7621 us/op
WorkloadResult  73: 32768 op, 1079248700.00 ns, 32.9361 us/op
WorkloadResult  74: 32768 op, 1065453000.00 ns, 32.5150 us/op
WorkloadResult  75: 32768 op, 1049824000.00 ns, 32.0381 us/op
WorkloadResult  76: 32768 op, 1041294500.00 ns, 31.7778 us/op
WorkloadResult  77: 32768 op, 1034003500.00 ns, 31.5553 us/op
WorkloadResult  78: 32768 op, 1076528200.00 ns, 32.8530 us/op
WorkloadResult  79: 32768 op, 1136233800.00 ns, 34.6751 us/op
WorkloadResult  80: 32768 op, 1118386400.00 ns, 34.1304 us/op
WorkloadResult  81: 32768 op, 1077790500.00 ns, 32.8916 us/op
WorkloadResult  82: 32768 op, 1040642700.00 ns, 31.7579 us/op
WorkloadResult  83: 32768 op, 1043161800.00 ns, 31.8348 us/op
WorkloadResult  84: 32768 op, 989744700.00 ns, 30.2046 us/op
WorkloadResult  85: 32768 op, 1029068300.00 ns, 31.4047 us/op
WorkloadResult  86: 32768 op, 1068621000.00 ns, 32.6117 us/op
WorkloadResult  87: 32768 op, 1001907200.00 ns, 30.5758 us/op
WorkloadResult  88: 32768 op, 1021194100.00 ns, 31.1644 us/op
WorkloadResult  89: 32768 op, 1035093700.00 ns, 31.5886 us/op
WorkloadResult  90: 32768 op, 1031994200.00 ns, 31.4940 us/op
WorkloadResult  91: 32768 op, 1067384400.00 ns, 32.5740 us/op
WorkloadResult  92: 32768 op, 1052453000.00 ns, 32.1183 us/op
WorkloadResult  93: 32768 op, 958403500.00 ns, 29.2482 us/op
WorkloadResult  94: 32768 op, 1030610500.00 ns, 31.4517 us/op
WorkloadResult  95: 32768 op, 1015016100.00 ns, 30.9758 us/op
WorkloadResult  96: 32768 op, 990607400.00 ns, 30.2309 us/op
WorkloadResult  97: 32768 op, 976677500.00 ns, 29.8058 us/op
WorkloadResult  98: 32768 op, 1003971500.00 ns, 30.6388 us/op
WorkloadResult  99: 32768 op, 999967900.00 ns, 30.5166 us/op
WorkloadResult  100: 32768 op, 967109500.00 ns, 29.5138 us/op
// GC:  36 0 0 595854672 32768
// Threading:  0 0 32768

// AfterAll
// Benchmark Process 70696 has exited with code 0.

Mean = 30.239 μs, StdErr = 0.202 μs (0.67%), N = 100, StdDev = 2.018 μs
Min = 24.861 μs, Q1 = 28.880 μs, Median = 30.233 μs, Q3 = 31.723 μs, Max = 34.675 μs
IQR = 2.843 μs, LowerFence = 24.616 μs, UpperFence = 35.987 μs
ConfidenceInterval = [29.554 μs; 30.923 μs] (CI 99.9%), Margin = 0.685 μs (2.26% of Mean)
Skewness = 0.01, Kurtosis = 2.57, MValue = 2.15

// ** Remained 26 (61.9%) benchmark(s) to run. Estimated finish 2026-08-18 15:55 (0h 23m from now) **
Setup power plan (GUID: 8c5e7fda-e8bf-4a96-9a85-a6e23a8c635c FriendlyName: High performance)
// **************************
// Benchmark: NamedPipesBenchmarks.NpCxOut: .NET 8.0(Runtime=.NET 8.0)
// *** Execute ***
// Launch: 1 / 1
// Execute: dotnet 3c452962-e736-4ea3-adfd-9cff5d26791c.dll --anonymousPipes 4024 4428 --benchmarkName ServiceWire.Benchmarks.NamedPipesBenchmarks.NpCxOut --job ".NET 8.0" --benchmarkId 6 in d:\code\Github\ServiceWire\src\Benchmarks\ServiceWire.Benchmarks\bin\Release\net8.0\3c452962-e736-4ea3-adfd-9cff5d26791c\bin\Release\net8.0
// BeforeAnythingElse

// Benchmark Process Environment Information:
// BenchmarkDotNet v0.14.0
// Runtime=.NET 8.0.30 (8.0.3026.36720), X64 RyuJIT AVX2
// GC=Concurrent Workstation
// HardwareIntrinsics=AVX2,AES,BMI1,BMI2,FMA,LZCNT,PCLMUL,POPCNT VectorSize=256
// Job: .NET 8.0

OverheadJitting  1: 1 op, 172300.00 ns, 172.3000 us/op
WorkloadJitting  1: 1 op, 18942100.00 ns, 18.9421 ms/op

OverheadJitting  2: 16 op, 129100.00 ns, 8.0688 us/op
WorkloadJitting  2: 16 op, 1170700.00 ns, 73.1688 us/op

WorkloadPilot    1: 16 op, 896100.00 ns, 56.0063 us/op
WorkloadPilot    2: 32 op, 1659100.00 ns, 51.8469 us/op
WorkloadPilot    3: 64 op, 3325800.00 ns, 51.9656 us/op
WorkloadPilot    4: 128 op, 6629300.00 ns, 51.7914 us/op
WorkloadPilot    5: 256 op, 12227900.00 ns, 47.7652 us/op
WorkloadPilot    6: 512 op, 21823800.00 ns, 42.6246 us/op
WorkloadPilot    7: 1024 op, 33281500.00 ns, 32.5015 us/op
WorkloadPilot    8: 2048 op, 69092500.00 ns, 33.7366 us/op
WorkloadPilot    9: 4096 op, 154598500.00 ns, 37.7438 us/op
WorkloadPilot   10: 8192 op, 361426400.00 ns, 44.1194 us/op
WorkloadPilot   11: 16384 op, 476757300.00 ns, 29.0990 us/op
WorkloadPilot   12: 32768 op, 708204900.00 ns, 21.6127 us/op

OverheadWarmup   1: 32768 op, 86700.00 ns, 2.6459 ns/op
OverheadWarmup   2: 32768 op, 47400.00 ns, 1.4465 ns/op
OverheadWarmup   3: 32768 op, 56100.00 ns, 1.7120 ns/op
OverheadWarmup   4: 32768 op, 47300.00 ns, 1.4435 ns/op
OverheadWarmup   5: 32768 op, 53000.00 ns, 1.6174 ns/op
OverheadWarmup   6: 32768 op, 58600.00 ns, 1.7883 ns/op
OverheadWarmup   7: 32768 op, 62900.00 ns, 1.9196 ns/op
OverheadWarmup   8: 32768 op, 47200.00 ns, 1.4404 ns/op

OverheadActual   1: 32768 op, 56200.00 ns, 1.7151 ns/op
OverheadActual   2: 32768 op, 55800.00 ns, 1.7029 ns/op
OverheadActual   3: 32768 op, 56200.00 ns, 1.7151 ns/op
OverheadActual   4: 32768 op, 53800.00 ns, 1.6418 ns/op
OverheadActual   5: 32768 op, 53100.00 ns, 1.6205 ns/op
OverheadActual   6: 32768 op, 50900.00 ns, 1.5533 ns/op
OverheadActual   7: 32768 op, 59600.00 ns, 1.8188 ns/op
OverheadActual   8: 32768 op, 50800.00 ns, 1.5503 ns/op
OverheadActual   9: 32768 op, 53100.00 ns, 1.6205 ns/op
OverheadActual  10: 32768 op, 51400.00 ns, 1.5686 ns/op
OverheadActual  11: 32768 op, 60200.00 ns, 1.8372 ns/op
OverheadActual  12: 32768 op, 67200.00 ns, 2.0508 ns/op
OverheadActual  13: 32768 op, 52900.00 ns, 1.6144 ns/op
OverheadActual  14: 32768 op, 50700.00 ns, 1.5472 ns/op
OverheadActual  15: 32768 op, 58800.00 ns, 1.7944 ns/op
OverheadActual  16: 32768 op, 50700.00 ns, 1.5472 ns/op
OverheadActual  17: 32768 op, 53000.00 ns, 1.6174 ns/op
OverheadActual  18: 32768 op, 54600.00 ns, 1.6663 ns/op
OverheadActual  19: 32768 op, 53000.00 ns, 1.6174 ns/op
OverheadActual  20: 32768 op, 50800.00 ns, 1.5503 ns/op

WorkloadWarmup   1: 32768 op, 584050200.00 ns, 17.8238 us/op
WorkloadWarmup   2: 32768 op, 551548200.00 ns, 16.8319 us/op
WorkloadWarmup   3: 32768 op, 539901200.00 ns, 16.4765 us/op
WorkloadWarmup   4: 32768 op, 696573100.00 ns, 21.2577 us/op
WorkloadWarmup   5: 32768 op, 710736400.00 ns, 21.6900 us/op
WorkloadWarmup   6: 32768 op, 707164700.00 ns, 21.5810 us/op
WorkloadWarmup   7: 32768 op, 668271900.00 ns, 20.3940 us/op
WorkloadWarmup   8: 32768 op, 635567100.00 ns, 19.3960 us/op
WorkloadWarmup   9: 32768 op, 704745000.00 ns, 21.5071 us/op
WorkloadWarmup  10: 32768 op, 698909500.00 ns, 21.3290 us/op

// BeforeActualRun
WorkloadActual   1: 32768 op, 708164600.00 ns, 21.6115 us/op
WorkloadActual   2: 32768 op, 605416100.00 ns, 18.4758 us/op
WorkloadActual   3: 32768 op, 587152800.00 ns, 17.9185 us/op
WorkloadActual   4: 32768 op, 679882500.00 ns, 20.7484 us/op
WorkloadActual   5: 32768 op, 742843300.00 ns, 22.6698 us/op
WorkloadActual   6: 32768 op, 745564800.00 ns, 22.7528 us/op
WorkloadActual   7: 32768 op, 668821900.00 ns, 20.4108 us/op
WorkloadActual   8: 32768 op, 657295600.00 ns, 20.0591 us/op
WorkloadActual   9: 32768 op, 727068000.00 ns, 22.1884 us/op
WorkloadActual  10: 32768 op, 694266000.00 ns, 21.1873 us/op
WorkloadActual  11: 32768 op, 735641200.00 ns, 22.4500 us/op
WorkloadActual  12: 32768 op, 755087900.00 ns, 23.0435 us/op
WorkloadActual  13: 32768 op, 698868900.00 ns, 21.3278 us/op
WorkloadActual  14: 32768 op, 712644800.00 ns, 21.7482 us/op
WorkloadActual  15: 32768 op, 841386900.00 ns, 25.6771 us/op
WorkloadActual  16: 32768 op, 615489000.00 ns, 18.7832 us/op
WorkloadActual  17: 32768 op, 692796700.00 ns, 21.1425 us/op
WorkloadActual  18: 32768 op, 812988100.00 ns, 24.8104 us/op
WorkloadActual  19: 32768 op, 790269700.00 ns, 24.1171 us/op
WorkloadActual  20: 32768 op, 778740900.00 ns, 23.7653 us/op
WorkloadActual  21: 32768 op, 802146900.00 ns, 24.4796 us/op
WorkloadActual  22: 32768 op, 681038900.00 ns, 20.7837 us/op
WorkloadActual  23: 32768 op, 768445800.00 ns, 23.4511 us/op
WorkloadActual  24: 32768 op, 725570100.00 ns, 22.1426 us/op
WorkloadActual  25: 32768 op, 796613500.00 ns, 24.3107 us/op
WorkloadActual  26: 32768 op, 746437900.00 ns, 22.7795 us/op
WorkloadActual  27: 32768 op, 676062900.00 ns, 20.6318 us/op
WorkloadActual  28: 32768 op, 663466800.00 ns, 20.2474 us/op
WorkloadActual  29: 32768 op, 659892200.00 ns, 20.1383 us/op
WorkloadActual  30: 32768 op, 601250500.00 ns, 18.3487 us/op
WorkloadActual  31: 32768 op, 796494000.00 ns, 24.3071 us/op
WorkloadActual  32: 32768 op, 714297700.00 ns, 21.7986 us/op
WorkloadActual  33: 32768 op, 668766400.00 ns, 20.4091 us/op
WorkloadActual  34: 32768 op, 587124600.00 ns, 17.9176 us/op
WorkloadActual  35: 32768 op, 694319300.00 ns, 21.1889 us/op
WorkloadActual  36: 32768 op, 686571300.00 ns, 20.9525 us/op
WorkloadActual  37: 32768 op, 712623100.00 ns, 21.7475 us/op
WorkloadActual  38: 32768 op, 707491100.00 ns, 21.5909 us/op
WorkloadActual  39: 32768 op, 709009300.00 ns, 21.6372 us/op
WorkloadActual  40: 32768 op, 615744700.00 ns, 18.7910 us/op
WorkloadActual  41: 32768 op, 662371700.00 ns, 20.2140 us/op
WorkloadActual  42: 32768 op, 711834000.00 ns, 21.7234 us/op
WorkloadActual  43: 32768 op, 710370300.00 ns, 21.6788 us/op
WorkloadActual  44: 32768 op, 711396000.00 ns, 21.7101 us/op
WorkloadActual  45: 32768 op, 672071600.00 ns, 20.5100 us/op
WorkloadActual  46: 32768 op, 659645400.00 ns, 20.1308 us/op
WorkloadActual  47: 32768 op, 701411900.00 ns, 21.4054 us/op
WorkloadActual  48: 32768 op, 687562800.00 ns, 20.9828 us/op
WorkloadActual  49: 32768 op, 703182100.00 ns, 21.4594 us/op
WorkloadActual  50: 32768 op, 693081300.00 ns, 21.1512 us/op
WorkloadActual  51: 32768 op, 693728800.00 ns, 21.1709 us/op
WorkloadActual  52: 32768 op, 666838200.00 ns, 20.3503 us/op
WorkloadActual  53: 32768 op, 629558700.00 ns, 19.2126 us/op
WorkloadActual  54: 32768 op, 638684600.00 ns, 19.4911 us/op
WorkloadActual  55: 32768 op, 723768600.00 ns, 22.0877 us/op
WorkloadActual  56: 32768 op, 647831200.00 ns, 19.7702 us/op
WorkloadActual  57: 32768 op, 736001400.00 ns, 22.4610 us/op
WorkloadActual  58: 32768 op, 780615500.00 ns, 23.8225 us/op
WorkloadActual  59: 32768 op, 927746100.00 ns, 28.3126 us/op
WorkloadActual  60: 32768 op, 912128400.00 ns, 27.8359 us/op
WorkloadActual  61: 32768 op, 937068200.00 ns, 28.5971 us/op
WorkloadActual  62: 32768 op, 1012811600.00 ns, 30.9086 us/op
WorkloadActual  63: 32768 op, 940099800.00 ns, 28.6896 us/op
WorkloadActual  64: 32768 op, 984610600.00 ns, 30.0479 us/op
WorkloadActual  65: 32768 op, 906059200.00 ns, 27.6507 us/op
WorkloadActual  66: 32768 op, 916092300.00 ns, 27.9569 us/op
WorkloadActual  67: 32768 op, 861735700.00 ns, 26.2981 us/op
WorkloadActual  68: 32768 op, 952395600.00 ns, 29.0648 us/op
WorkloadActual  69: 32768 op, 990047400.00 ns, 30.2138 us/op
WorkloadActual  70: 32768 op, 1126425600.00 ns, 34.3758 us/op
WorkloadActual  71: 32768 op, 1055023000.00 ns, 32.1967 us/op
WorkloadActual  72: 32768 op, 1089202700.00 ns, 33.2398 us/op
WorkloadActual  73: 32768 op, 1047839500.00 ns, 31.9775 us/op
WorkloadActual  74: 32768 op, 1038737700.00 ns, 31.6998 us/op
WorkloadActual  75: 32768 op, 1035809100.00 ns, 31.6104 us/op
WorkloadActual  76: 32768 op, 1194476000.00 ns, 36.4525 us/op
WorkloadActual  77: 32768 op, 1139350000.00 ns, 34.7702 us/op
WorkloadActual  78: 32768 op, 1210767100.00 ns, 36.9497 us/op
WorkloadActual  79: 32768 op, 1068447400.00 ns, 32.6064 us/op
WorkloadActual  80: 32768 op, 1226378600.00 ns, 37.4261 us/op
WorkloadActual  81: 32768 op, 1185716000.00 ns, 36.1852 us/op
WorkloadActual  82: 32768 op, 1225683000.00 ns, 37.4049 us/op
WorkloadActual  83: 32768 op, 1177995000.00 ns, 35.9496 us/op
WorkloadActual  84: 32768 op, 1115688800.00 ns, 34.0481 us/op
WorkloadActual  85: 32768 op, 1148637300.00 ns, 35.0536 us/op
WorkloadActual  86: 32768 op, 1246356300.00 ns, 38.0358 us/op
WorkloadActual  87: 32768 op, 1236903400.00 ns, 37.7473 us/op
WorkloadActual  88: 32768 op, 1171833100.00 ns, 35.7615 us/op
WorkloadActual  89: 32768 op, 1210343300.00 ns, 36.9367 us/op
WorkloadActual  90: 32768 op, 1303749300.00 ns, 39.7873 us/op
WorkloadActual  91: 32768 op, 1093874800.00 ns, 33.3824 us/op
WorkloadActual  92: 32768 op, 1122676500.00 ns, 34.2614 us/op
WorkloadActual  93: 32768 op, 1254777200.00 ns, 38.2928 us/op
WorkloadActual  94: 32768 op, 1096175200.00 ns, 33.4526 us/op
WorkloadActual  95: 32768 op, 1082455700.00 ns, 33.0339 us/op
WorkloadActual  96: 32768 op, 1186311800.00 ns, 36.2034 us/op
WorkloadActual  97: 32768 op, 1111444500.00 ns, 33.9186 us/op
WorkloadActual  98: 32768 op, 1067647800.00 ns, 32.5820 us/op
WorkloadActual  99: 32768 op, 1049671500.00 ns, 32.0334 us/op
WorkloadActual  100: 32768 op, 1290615400.00 ns, 39.3865 us/op

// AfterActualRun
WorkloadResult   1: 32768 op, 708111500.00 ns, 21.6098 us/op
WorkloadResult   2: 32768 op, 605363000.00 ns, 18.4742 us/op
WorkloadResult   3: 32768 op, 587099700.00 ns, 17.9169 us/op
WorkloadResult   4: 32768 op, 679829400.00 ns, 20.7467 us/op
WorkloadResult   5: 32768 op, 742790200.00 ns, 22.6682 us/op
WorkloadResult   6: 32768 op, 745511700.00 ns, 22.7512 us/op
WorkloadResult   7: 32768 op, 668768800.00 ns, 20.4092 us/op
WorkloadResult   8: 32768 op, 657242500.00 ns, 20.0574 us/op
WorkloadResult   9: 32768 op, 727014900.00 ns, 22.1867 us/op
WorkloadResult  10: 32768 op, 694212900.00 ns, 21.1857 us/op
WorkloadResult  11: 32768 op, 735588100.00 ns, 22.4484 us/op
WorkloadResult  12: 32768 op, 755034800.00 ns, 23.0418 us/op
WorkloadResult  13: 32768 op, 698815800.00 ns, 21.3262 us/op
WorkloadResult  14: 32768 op, 712591700.00 ns, 21.7466 us/op
WorkloadResult  15: 32768 op, 841333800.00 ns, 25.6755 us/op
WorkloadResult  16: 32768 op, 615435900.00 ns, 18.7816 us/op
WorkloadResult  17: 32768 op, 692743600.00 ns, 21.1409 us/op
WorkloadResult  18: 32768 op, 812935000.00 ns, 24.8088 us/op
WorkloadResult  19: 32768 op, 790216600.00 ns, 24.1155 us/op
WorkloadResult  20: 32768 op, 778687800.00 ns, 23.7637 us/op
WorkloadResult  21: 32768 op, 802093800.00 ns, 24.4780 us/op
WorkloadResult  22: 32768 op, 680985800.00 ns, 20.7820 us/op
WorkloadResult  23: 32768 op, 768392700.00 ns, 23.4495 us/op
WorkloadResult  24: 32768 op, 725517000.00 ns, 22.1410 us/op
WorkloadResult  25: 32768 op, 796560400.00 ns, 24.3091 us/op
WorkloadResult  26: 32768 op, 746384800.00 ns, 22.7779 us/op
WorkloadResult  27: 32768 op, 676009800.00 ns, 20.6302 us/op
WorkloadResult  28: 32768 op, 663413700.00 ns, 20.2458 us/op
WorkloadResult  29: 32768 op, 659839100.00 ns, 20.1367 us/op
WorkloadResult  30: 32768 op, 601197400.00 ns, 18.3471 us/op
WorkloadResult  31: 32768 op, 796440900.00 ns, 24.3054 us/op
WorkloadResult  32: 32768 op, 714244600.00 ns, 21.7970 us/op
WorkloadResult  33: 32768 op, 668713300.00 ns, 20.4075 us/op
WorkloadResult  34: 32768 op, 587071500.00 ns, 17.9160 us/op
WorkloadResult  35: 32768 op, 694266200.00 ns, 21.1873 us/op
WorkloadResult  36: 32768 op, 686518200.00 ns, 20.9509 us/op
WorkloadResult  37: 32768 op, 712570000.00 ns, 21.7459 us/op
WorkloadResult  38: 32768 op, 707438000.00 ns, 21.5893 us/op
WorkloadResult  39: 32768 op, 708956200.00 ns, 21.6356 us/op
WorkloadResult  40: 32768 op, 615691600.00 ns, 18.7894 us/op
WorkloadResult  41: 32768 op, 662318600.00 ns, 20.2124 us/op
WorkloadResult  42: 32768 op, 711780900.00 ns, 21.7218 us/op
WorkloadResult  43: 32768 op, 710317200.00 ns, 21.6772 us/op
WorkloadResult  44: 32768 op, 711342900.00 ns, 21.7085 us/op
WorkloadResult  45: 32768 op, 672018500.00 ns, 20.5084 us/op
WorkloadResult  46: 32768 op, 659592300.00 ns, 20.1292 us/op
WorkloadResult  47: 32768 op, 701358800.00 ns, 21.4038 us/op
WorkloadResult  48: 32768 op, 687509700.00 ns, 20.9811 us/op
WorkloadResult  49: 32768 op, 703129000.00 ns, 21.4578 us/op
WorkloadResult  50: 32768 op, 693028200.00 ns, 21.1495 us/op
WorkloadResult  51: 32768 op, 693675700.00 ns, 21.1693 us/op
WorkloadResult  52: 32768 op, 666785100.00 ns, 20.3487 us/op
WorkloadResult  53: 32768 op, 629505600.00 ns, 19.2110 us/op
WorkloadResult  54: 32768 op, 638631500.00 ns, 19.4895 us/op
WorkloadResult  55: 32768 op, 723715500.00 ns, 22.0860 us/op
WorkloadResult  56: 32768 op, 647778100.00 ns, 19.7686 us/op
WorkloadResult  57: 32768 op, 735948300.00 ns, 22.4594 us/op
WorkloadResult  58: 32768 op, 780562400.00 ns, 23.8209 us/op
WorkloadResult  59: 32768 op, 927693000.00 ns, 28.3109 us/op
WorkloadResult  60: 32768 op, 912075300.00 ns, 27.8343 us/op
WorkloadResult  61: 32768 op, 937015100.00 ns, 28.5954 us/op
WorkloadResult  62: 32768 op, 1012758500.00 ns, 30.9069 us/op
WorkloadResult  63: 32768 op, 940046700.00 ns, 28.6879 us/op
WorkloadResult  64: 32768 op, 984557500.00 ns, 30.0463 us/op
WorkloadResult  65: 32768 op, 906006100.00 ns, 27.6491 us/op
WorkloadResult  66: 32768 op, 916039200.00 ns, 27.9553 us/op
WorkloadResult  67: 32768 op, 861682600.00 ns, 26.2965 us/op
WorkloadResult  68: 32768 op, 952342500.00 ns, 29.0632 us/op
WorkloadResult  69: 32768 op, 989994300.00 ns, 30.2122 us/op
WorkloadResult  70: 32768 op, 1126372500.00 ns, 34.3742 us/op
WorkloadResult  71: 32768 op, 1054969900.00 ns, 32.1951 us/op
WorkloadResult  72: 32768 op, 1089149600.00 ns, 33.2382 us/op
WorkloadResult  73: 32768 op, 1047786400.00 ns, 31.9759 us/op
WorkloadResult  74: 32768 op, 1038684600.00 ns, 31.6981 us/op
WorkloadResult  75: 32768 op, 1035756000.00 ns, 31.6088 us/op
WorkloadResult  76: 32768 op, 1194422900.00 ns, 36.4509 us/op
WorkloadResult  77: 32768 op, 1139296900.00 ns, 34.7686 us/op
WorkloadResult  78: 32768 op, 1210714000.00 ns, 36.9481 us/op
WorkloadResult  79: 32768 op, 1068394300.00 ns, 32.6048 us/op
WorkloadResult  80: 32768 op, 1226325500.00 ns, 37.4245 us/op
WorkloadResult  81: 32768 op, 1185662900.00 ns, 36.1836 us/op
WorkloadResult  82: 32768 op, 1225629900.00 ns, 37.4033 us/op
WorkloadResult  83: 32768 op, 1177941900.00 ns, 35.9479 us/op
WorkloadResult  84: 32768 op, 1115635700.00 ns, 34.0465 us/op
WorkloadResult  85: 32768 op, 1148584200.00 ns, 35.0520 us/op
WorkloadResult  86: 32768 op, 1246303200.00 ns, 38.0342 us/op
WorkloadResult  87: 32768 op, 1236850300.00 ns, 37.7457 us/op
WorkloadResult  88: 32768 op, 1171780000.00 ns, 35.7599 us/op
WorkloadResult  89: 32768 op, 1210290200.00 ns, 36.9351 us/op
WorkloadResult  90: 32768 op, 1303696200.00 ns, 39.7857 us/op
WorkloadResult  91: 32768 op, 1093821700.00 ns, 33.3808 us/op
WorkloadResult  92: 32768 op, 1122623400.00 ns, 34.2597 us/op
WorkloadResult  93: 32768 op, 1254724100.00 ns, 38.2911 us/op
WorkloadResult  94: 32768 op, 1096122100.00 ns, 33.4510 us/op
WorkloadResult  95: 32768 op, 1082402600.00 ns, 33.0323 us/op
WorkloadResult  96: 32768 op, 1186258700.00 ns, 36.2017 us/op
WorkloadResult  97: 32768 op, 1111391400.00 ns, 33.9170 us/op
WorkloadResult  98: 32768 op, 1067594700.00 ns, 32.5804 us/op
WorkloadResult  99: 32768 op, 1049618400.00 ns, 32.0318 us/op
WorkloadResult  100: 32768 op, 1290562300.00 ns, 39.3848 us/op
// GC:  4 0 0 77071696 32768
// Threading:  0 0 32768

// AfterAll
// Benchmark Process 72348 has exited with code 0.

Mean = 26.440 μs, StdErr = 0.650 μs (2.46%), N = 100, StdDev = 6.501 μs
Min = 17.916 μs, Q1 = 21.164 μs, Median = 23.607 μs, Q3 = 32.587 μs, Max = 39.786 μs
IQR = 11.422 μs, LowerFence = 4.031 μs, UpperFence = 49.720 μs
ConfidenceInterval = [24.236 μs; 28.645 μs] (CI 99.9%), Margin = 2.205 μs (8.34% of Mean)
Skewness = 0.53, Kurtosis = 1.77, MValue = 2.6

// ** Remained 25 (59.5%) benchmark(s) to run. Estimated finish 2026-08-18 15:57 (0h 23m from now) **
Setup power plan (GUID: 8c5e7fda-e8bf-4a96-9a85-a6e23a8c635c FriendlyName: High performance)
// **************************
// Benchmark: NamedPipesBenchmarks.NpCxOutJson: .NET 8.0(Runtime=.NET 8.0)
// *** Execute ***
// Launch: 1 / 1
// Execute: dotnet 3c452962-e736-4ea3-adfd-9cff5d26791c.dll --anonymousPipes 2000 2020 --benchmarkName ServiceWire.Benchmarks.NamedPipesBenchmarks.NpCxOutJson --job ".NET 8.0" --benchmarkId 7 in d:\code\Github\ServiceWire\src\Benchmarks\ServiceWire.Benchmarks\bin\Release\net8.0\3c452962-e736-4ea3-adfd-9cff5d26791c\bin\Release\net8.0
// BeforeAnythingElse

// Benchmark Process Environment Information:
// BenchmarkDotNet v0.14.0
// Runtime=.NET 8.0.30 (8.0.3026.36720), X64 RyuJIT AVX2
// GC=Concurrent Workstation
// HardwareIntrinsics=AVX2,AES,BMI1,BMI2,FMA,LZCNT,PCLMUL,POPCNT VectorSize=256
// Job: .NET 8.0

OverheadJitting  1: 1 op, 172700.00 ns, 172.7000 us/op
WorkloadJitting  1: 1 op, 17431200.00 ns, 17.4312 ms/op

OverheadJitting  2: 16 op, 143600.00 ns, 8.9750 us/op
WorkloadJitting  2: 16 op, 2378300.00 ns, 148.6438 us/op

WorkloadPilot    1: 16 op, 1277100.00 ns, 79.8188 us/op
WorkloadPilot    2: 32 op, 2386700.00 ns, 74.5844 us/op
WorkloadPilot    3: 64 op, 4535100.00 ns, 70.8609 us/op
WorkloadPilot    4: 128 op, 9216200.00 ns, 72.0016 us/op
WorkloadPilot    5: 256 op, 18312500.00 ns, 71.5332 us/op
WorkloadPilot    6: 512 op, 35224800.00 ns, 68.7984 us/op
WorkloadPilot    7: 1024 op, 78635100.00 ns, 76.7921 us/op
WorkloadPilot    8: 2048 op, 158563300.00 ns, 77.4235 us/op
WorkloadPilot    9: 4096 op, 305135700.00 ns, 74.4960 us/op
WorkloadPilot   10: 8192 op, 552593200.00 ns, 67.4552 us/op

OverheadWarmup   1: 8192 op, 22000.00 ns, 2.6855 ns/op
OverheadWarmup   2: 8192 op, 14800.00 ns, 1.8066 ns/op
OverheadWarmup   3: 8192 op, 14500.00 ns, 1.7700 ns/op
OverheadWarmup   4: 8192 op, 25800.00 ns, 3.1494 ns/op
OverheadWarmup   5: 8192 op, 15300.00 ns, 1.8677 ns/op
OverheadWarmup   6: 8192 op, 14500.00 ns, 1.7700 ns/op
OverheadWarmup   7: 8192 op, 14500.00 ns, 1.7700 ns/op
OverheadWarmup   8: 8192 op, 18300.00 ns, 2.2339 ns/op

OverheadActual   1: 8192 op, 15100.00 ns, 1.8433 ns/op
OverheadActual   2: 8192 op, 14900.00 ns, 1.8188 ns/op
OverheadActual   3: 8192 op, 14600.00 ns, 1.7822 ns/op
OverheadActual   4: 8192 op, 14500.00 ns, 1.7700 ns/op
OverheadActual   5: 8192 op, 14600.00 ns, 1.7822 ns/op
OverheadActual   6: 8192 op, 18100.00 ns, 2.2095 ns/op
OverheadActual   7: 8192 op, 14500.00 ns, 1.7700 ns/op
OverheadActual   8: 8192 op, 15000.00 ns, 1.8311 ns/op
OverheadActual   9: 8192 op, 18800.00 ns, 2.2949 ns/op
OverheadActual  10: 8192 op, 21400.00 ns, 2.6123 ns/op
OverheadActual  11: 8192 op, 14600.00 ns, 1.7822 ns/op
OverheadActual  12: 8192 op, 14600.00 ns, 1.7822 ns/op
OverheadActual  13: 8192 op, 14900.00 ns, 1.8188 ns/op
OverheadActual  14: 8192 op, 18900.00 ns, 2.3071 ns/op
OverheadActual  15: 8192 op, 14600.00 ns, 1.7822 ns/op
OverheadActual  16: 8192 op, 14500.00 ns, 1.7700 ns/op
OverheadActual  17: 8192 op, 15200.00 ns, 1.8555 ns/op

WorkloadWarmup   1: 8192 op, 298385100.00 ns, 36.4240 us/op
WorkloadWarmup   2: 8192 op, 262227600.00 ns, 32.0102 us/op
WorkloadWarmup   3: 8192 op, 286641900.00 ns, 34.9905 us/op
WorkloadWarmup   4: 8192 op, 231676700.00 ns, 28.2808 us/op
WorkloadWarmup   5: 8192 op, 218874300.00 ns, 26.7181 us/op
WorkloadWarmup   6: 8192 op, 237283400.00 ns, 28.9653 us/op
WorkloadWarmup   7: 8192 op, 276954700.00 ns, 33.8079 us/op
WorkloadWarmup   8: 8192 op, 304196400.00 ns, 37.1333 us/op
WorkloadWarmup   9: 8192 op, 304396300.00 ns, 37.1578 us/op
WorkloadWarmup  10: 8192 op, 288176200.00 ns, 35.1778 us/op

// BeforeActualRun
WorkloadActual   1: 8192 op, 291777800.00 ns, 35.6174 us/op
WorkloadActual   2: 8192 op, 339237900.00 ns, 41.4109 us/op
WorkloadActual   3: 8192 op, 348193100.00 ns, 42.5040 us/op
WorkloadActual   4: 8192 op, 292584600.00 ns, 35.7159 us/op
WorkloadActual   5: 8192 op, 348280900.00 ns, 42.5148 us/op
WorkloadActual   6: 8192 op, 353005200.00 ns, 43.0915 us/op
WorkloadActual   7: 8192 op, 347739000.00 ns, 42.4486 us/op
WorkloadActual   8: 8192 op, 347475400.00 ns, 42.4164 us/op
WorkloadActual   9: 8192 op, 354930800.00 ns, 43.3265 us/op
WorkloadActual  10: 8192 op, 354560700.00 ns, 43.2813 us/op
WorkloadActual  11: 8192 op, 315448800.00 ns, 38.5069 us/op
WorkloadActual  12: 8192 op, 293574500.00 ns, 35.8367 us/op
WorkloadActual  13: 8192 op, 300040400.00 ns, 36.6260 us/op
WorkloadActual  14: 8192 op, 352392200.00 ns, 43.0166 us/op
WorkloadActual  15: 8192 op, 347501000.00 ns, 42.4196 us/op
WorkloadActual  16: 8192 op, 348620200.00 ns, 42.5562 us/op
WorkloadActual  17: 8192 op, 355629000.00 ns, 43.4117 us/op
WorkloadActual  18: 8192 op, 354069500.00 ns, 43.2214 us/op
WorkloadActual  19: 8192 op, 352635400.00 ns, 43.0463 us/op
WorkloadActual  20: 8192 op, 351357400.00 ns, 42.8903 us/op
WorkloadActual  21: 8192 op, 351240100.00 ns, 42.8760 us/op
WorkloadActual  22: 8192 op, 354103300.00 ns, 43.2255 us/op
WorkloadActual  23: 8192 op, 323651900.00 ns, 39.5083 us/op
WorkloadActual  24: 8192 op, 309662900.00 ns, 37.8006 us/op
WorkloadActual  25: 8192 op, 337940000.00 ns, 41.2524 us/op
WorkloadActual  26: 8192 op, 290318300.00 ns, 35.4392 us/op
WorkloadActual  27: 8192 op, 311180000.00 ns, 37.9858 us/op
WorkloadActual  28: 8192 op, 359071300.00 ns, 43.8319 us/op
WorkloadActual  29: 8192 op, 313797900.00 ns, 38.3054 us/op
WorkloadActual  30: 8192 op, 354437200.00 ns, 43.2663 us/op
WorkloadActual  31: 8192 op, 354085000.00 ns, 43.2233 us/op
WorkloadActual  32: 8192 op, 330141400.00 ns, 40.3005 us/op
WorkloadActual  33: 8192 op, 303928500.00 ns, 37.1006 us/op
WorkloadActual  34: 8192 op, 352997700.00 ns, 43.0905 us/op
WorkloadActual  35: 8192 op, 361913100.00 ns, 44.1788 us/op
WorkloadActual  36: 8192 op, 306965800.00 ns, 37.4714 us/op
WorkloadActual  37: 8192 op, 306801400.00 ns, 37.4513 us/op
WorkloadActual  38: 8192 op, 294639400.00 ns, 35.9667 us/op
WorkloadActual  39: 8192 op, 291985800.00 ns, 35.6428 us/op
WorkloadActual  40: 8192 op, 340540100.00 ns, 41.5698 us/op
WorkloadActual  41: 8192 op, 352932400.00 ns, 43.0826 us/op
WorkloadActual  42: 8192 op, 353291400.00 ns, 43.1264 us/op
WorkloadActual  43: 8192 op, 347121500.00 ns, 42.3732 us/op
WorkloadActual  44: 8192 op, 352968000.00 ns, 43.0869 us/op
WorkloadActual  45: 8192 op, 347339700.00 ns, 42.3999 us/op
WorkloadActual  46: 8192 op, 346022400.00 ns, 42.2391 us/op
WorkloadActual  47: 8192 op, 349249800.00 ns, 42.6330 us/op
WorkloadActual  48: 8192 op, 340887400.00 ns, 41.6122 us/op
WorkloadActual  49: 8192 op, 285889300.00 ns, 34.8986 us/op
WorkloadActual  50: 8192 op, 281151900.00 ns, 34.3203 us/op
WorkloadActual  51: 8192 op, 279730300.00 ns, 34.1468 us/op
WorkloadActual  52: 8192 op, 320897800.00 ns, 39.1721 us/op
WorkloadActual  53: 8192 op, 350035100.00 ns, 42.7289 us/op
WorkloadActual  54: 8192 op, 334309700.00 ns, 40.8093 us/op
WorkloadActual  55: 8192 op, 325679100.00 ns, 39.7557 us/op
WorkloadActual  56: 8192 op, 358333500.00 ns, 43.7419 us/op
WorkloadActual  57: 8192 op, 348577900.00 ns, 42.5510 us/op
WorkloadActual  58: 8192 op, 342806300.00 ns, 41.8465 us/op
WorkloadActual  59: 8192 op, 313369000.00 ns, 38.2531 us/op
WorkloadActual  60: 8192 op, 297245900.00 ns, 36.2849 us/op
WorkloadActual  61: 8192 op, 304647400.00 ns, 37.1884 us/op
WorkloadActual  62: 8192 op, 299249200.00 ns, 36.5294 us/op
WorkloadActual  63: 8192 op, 294123900.00 ns, 35.9038 us/op
WorkloadActual  64: 8192 op, 293598900.00 ns, 35.8397 us/op
WorkloadActual  65: 8192 op, 336115500.00 ns, 41.0297 us/op
WorkloadActual  66: 8192 op, 354139100.00 ns, 43.2299 us/op
WorkloadActual  67: 8192 op, 355369100.00 ns, 43.3800 us/op
WorkloadActual  68: 8192 op, 361316000.00 ns, 44.1060 us/op
WorkloadActual  69: 8192 op, 351250900.00 ns, 42.8773 us/op
WorkloadActual  70: 8192 op, 350191800.00 ns, 42.7480 us/op
WorkloadActual  71: 8192 op, 344386600.00 ns, 42.0394 us/op
WorkloadActual  72: 8192 op, 304872400.00 ns, 37.2159 us/op
WorkloadActual  73: 8192 op, 292770100.00 ns, 35.7385 us/op
WorkloadActual  74: 8192 op, 323727100.00 ns, 39.5175 us/op
WorkloadActual  75: 8192 op, 351642000.00 ns, 42.9250 us/op
WorkloadActual  76: 8192 op, 354107900.00 ns, 43.2261 us/op
WorkloadActual  77: 8192 op, 347077900.00 ns, 42.3679 us/op
WorkloadActual  78: 8192 op, 349332200.00 ns, 42.6431 us/op
WorkloadActual  79: 8192 op, 348207400.00 ns, 42.5058 us/op
WorkloadActual  80: 8192 op, 350985300.00 ns, 42.8449 us/op
WorkloadActual  81: 8192 op, 348518800.00 ns, 42.5438 us/op
WorkloadActual  82: 8192 op, 348543300.00 ns, 42.5468 us/op
WorkloadActual  83: 8192 op, 346678900.00 ns, 42.3192 us/op
WorkloadActual  84: 8192 op, 349504500.00 ns, 42.6641 us/op
WorkloadActual  85: 8192 op, 312010700.00 ns, 38.0872 us/op
WorkloadActual  86: 8192 op, 322808100.00 ns, 39.4053 us/op
WorkloadActual  87: 8192 op, 308405200.00 ns, 37.6471 us/op
WorkloadActual  88: 8192 op, 306328400.00 ns, 37.3936 us/op
WorkloadActual  89: 8192 op, 338321600.00 ns, 41.2990 us/op
WorkloadActual  90: 8192 op, 342241500.00 ns, 41.7775 us/op
WorkloadActual  91: 8192 op, 338972500.00 ns, 41.3785 us/op
WorkloadActual  92: 8192 op, 353276000.00 ns, 43.1245 us/op
WorkloadActual  93: 8192 op, 351137900.00 ns, 42.8635 us/op
WorkloadActual  94: 8192 op, 347422600.00 ns, 42.4100 us/op
WorkloadActual  95: 8192 op, 345222100.00 ns, 42.1414 us/op
WorkloadActual  96: 8192 op, 342076900.00 ns, 41.7574 us/op
WorkloadActual  97: 8192 op, 355109000.00 ns, 43.3483 us/op
WorkloadActual  98: 8192 op, 347134500.00 ns, 42.3748 us/op
WorkloadActual  99: 8192 op, 346982200.00 ns, 42.3562 us/op
WorkloadActual  100: 8192 op, 335323600.00 ns, 40.9331 us/op

// AfterActualRun
WorkloadResult   1: 8192 op, 291762900.00 ns, 35.6156 us/op
WorkloadResult   2: 8192 op, 339223000.00 ns, 41.4091 us/op
WorkloadResult   3: 8192 op, 348178200.00 ns, 42.5022 us/op
WorkloadResult   4: 8192 op, 292569700.00 ns, 35.7141 us/op
WorkloadResult   5: 8192 op, 348266000.00 ns, 42.5129 us/op
WorkloadResult   6: 8192 op, 352990300.00 ns, 43.0896 us/op
WorkloadResult   7: 8192 op, 347724100.00 ns, 42.4468 us/op
WorkloadResult   8: 8192 op, 347460500.00 ns, 42.4146 us/op
WorkloadResult   9: 8192 op, 354915900.00 ns, 43.3247 us/op
WorkloadResult  10: 8192 op, 354545800.00 ns, 43.2795 us/op
WorkloadResult  11: 8192 op, 315433900.00 ns, 38.5051 us/op
WorkloadResult  12: 8192 op, 293559600.00 ns, 35.8349 us/op
WorkloadResult  13: 8192 op, 300025500.00 ns, 36.6242 us/op
WorkloadResult  14: 8192 op, 352377300.00 ns, 43.0148 us/op
WorkloadResult  15: 8192 op, 347486100.00 ns, 42.4177 us/op
WorkloadResult  16: 8192 op, 348605300.00 ns, 42.5544 us/op
WorkloadResult  17: 8192 op, 355614100.00 ns, 43.4099 us/op
WorkloadResult  18: 8192 op, 354054600.00 ns, 43.2196 us/op
WorkloadResult  19: 8192 op, 352620500.00 ns, 43.0445 us/op
WorkloadResult  20: 8192 op, 351342500.00 ns, 42.8885 us/op
WorkloadResult  21: 8192 op, 351225200.00 ns, 42.8742 us/op
WorkloadResult  22: 8192 op, 354088400.00 ns, 43.2237 us/op
WorkloadResult  23: 8192 op, 323637000.00 ns, 39.5065 us/op
WorkloadResult  24: 8192 op, 309648000.00 ns, 37.7988 us/op
WorkloadResult  25: 8192 op, 337925100.00 ns, 41.2506 us/op
WorkloadResult  26: 8192 op, 290303400.00 ns, 35.4374 us/op
WorkloadResult  27: 8192 op, 311165100.00 ns, 37.9840 us/op
WorkloadResult  28: 8192 op, 359056400.00 ns, 43.8301 us/op
WorkloadResult  29: 8192 op, 313783000.00 ns, 38.3036 us/op
WorkloadResult  30: 8192 op, 354422300.00 ns, 43.2644 us/op
WorkloadResult  31: 8192 op, 354070100.00 ns, 43.2214 us/op
WorkloadResult  32: 8192 op, 330126500.00 ns, 40.2986 us/op
WorkloadResult  33: 8192 op, 303913600.00 ns, 37.0988 us/op
WorkloadResult  34: 8192 op, 352982800.00 ns, 43.0887 us/op
WorkloadResult  35: 8192 op, 361898200.00 ns, 44.1770 us/op
WorkloadResult  36: 8192 op, 306950900.00 ns, 37.4696 us/op
WorkloadResult  37: 8192 op, 306786500.00 ns, 37.4495 us/op
WorkloadResult  38: 8192 op, 294624500.00 ns, 35.9649 us/op
WorkloadResult  39: 8192 op, 291970900.00 ns, 35.6410 us/op
WorkloadResult  40: 8192 op, 340525200.00 ns, 41.5680 us/op
WorkloadResult  41: 8192 op, 352917500.00 ns, 43.0807 us/op
WorkloadResult  42: 8192 op, 353276500.00 ns, 43.1246 us/op
WorkloadResult  43: 8192 op, 347106600.00 ns, 42.3714 us/op
WorkloadResult  44: 8192 op, 352953100.00 ns, 43.0851 us/op
WorkloadResult  45: 8192 op, 347324800.00 ns, 42.3980 us/op
WorkloadResult  46: 8192 op, 346007500.00 ns, 42.2372 us/op
WorkloadResult  47: 8192 op, 349234900.00 ns, 42.6312 us/op
WorkloadResult  48: 8192 op, 340872500.00 ns, 41.6104 us/op
WorkloadResult  49: 8192 op, 285874400.00 ns, 34.8968 us/op
WorkloadResult  50: 8192 op, 281137000.00 ns, 34.3185 us/op
WorkloadResult  51: 8192 op, 279715400.00 ns, 34.1449 us/op
WorkloadResult  52: 8192 op, 320882900.00 ns, 39.1703 us/op
WorkloadResult  53: 8192 op, 350020200.00 ns, 42.7271 us/op
WorkloadResult  54: 8192 op, 334294800.00 ns, 40.8075 us/op
WorkloadResult  55: 8192 op, 325664200.00 ns, 39.7539 us/op
WorkloadResult  56: 8192 op, 358318600.00 ns, 43.7401 us/op
WorkloadResult  57: 8192 op, 348563000.00 ns, 42.5492 us/op
WorkloadResult  58: 8192 op, 342791400.00 ns, 41.8447 us/op
WorkloadResult  59: 8192 op, 313354100.00 ns, 38.2512 us/op
WorkloadResult  60: 8192 op, 297231000.00 ns, 36.2831 us/op
WorkloadResult  61: 8192 op, 304632500.00 ns, 37.1866 us/op
WorkloadResult  62: 8192 op, 299234300.00 ns, 36.5276 us/op
WorkloadResult  63: 8192 op, 294109000.00 ns, 35.9020 us/op
WorkloadResult  64: 8192 op, 293584000.00 ns, 35.8379 us/op
WorkloadResult  65: 8192 op, 336100600.00 ns, 41.0279 us/op
WorkloadResult  66: 8192 op, 354124200.00 ns, 43.2281 us/op
WorkloadResult  67: 8192 op, 355354200.00 ns, 43.3782 us/op
WorkloadResult  68: 8192 op, 361301100.00 ns, 44.1041 us/op
WorkloadResult  69: 8192 op, 351236000.00 ns, 42.8755 us/op
WorkloadResult  70: 8192 op, 350176900.00 ns, 42.7462 us/op
WorkloadResult  71: 8192 op, 344371700.00 ns, 42.0376 us/op
WorkloadResult  72: 8192 op, 304857500.00 ns, 37.2141 us/op
WorkloadResult  73: 8192 op, 292755200.00 ns, 35.7367 us/op
WorkloadResult  74: 8192 op, 323712200.00 ns, 39.5156 us/op
WorkloadResult  75: 8192 op, 351627100.00 ns, 42.9232 us/op
WorkloadResult  76: 8192 op, 354093000.00 ns, 43.2242 us/op
WorkloadResult  77: 8192 op, 347063000.00 ns, 42.3661 us/op
WorkloadResult  78: 8192 op, 349317300.00 ns, 42.6413 us/op
WorkloadResult  79: 8192 op, 348192500.00 ns, 42.5040 us/op
WorkloadResult  80: 8192 op, 350970400.00 ns, 42.8431 us/op
WorkloadResult  81: 8192 op, 348503900.00 ns, 42.5420 us/op
WorkloadResult  82: 8192 op, 348528400.00 ns, 42.5450 us/op
WorkloadResult  83: 8192 op, 346664000.00 ns, 42.3174 us/op
WorkloadResult  84: 8192 op, 349489600.00 ns, 42.6623 us/op
WorkloadResult  85: 8192 op, 311995800.00 ns, 38.0854 us/op
WorkloadResult  86: 8192 op, 322793200.00 ns, 39.4035 us/op
WorkloadResult  87: 8192 op, 308390300.00 ns, 37.6453 us/op
WorkloadResult  88: 8192 op, 306313500.00 ns, 37.3918 us/op
WorkloadResult  89: 8192 op, 338306700.00 ns, 41.2972 us/op
WorkloadResult  90: 8192 op, 342226600.00 ns, 41.7757 us/op
WorkloadResult  91: 8192 op, 338957600.00 ns, 41.3767 us/op
WorkloadResult  92: 8192 op, 353261100.00 ns, 43.1227 us/op
WorkloadResult  93: 8192 op, 351123000.00 ns, 42.8617 us/op
WorkloadResult  94: 8192 op, 347407700.00 ns, 42.4082 us/op
WorkloadResult  95: 8192 op, 345207200.00 ns, 42.1396 us/op
WorkloadResult  96: 8192 op, 342062000.00 ns, 41.7556 us/op
WorkloadResult  97: 8192 op, 355094100.00 ns, 43.3464 us/op
WorkloadResult  98: 8192 op, 347119600.00 ns, 42.3730 us/op
WorkloadResult  99: 8192 op, 346967300.00 ns, 42.3544 us/op
WorkloadResult  100: 8192 op, 335308700.00 ns, 40.9312 us/op
// GC:  3 0 0 53413200 8192
// Threading:  0 0 8192

// AfterAll
// Benchmark Process 65060 has exited with code 0.

Mean = 40.745 μs, StdErr = 0.283 μs (0.69%), N = 100, StdDev = 2.830 μs
Min = 34.145 μs, Q1 = 38.210 μs, Median = 42.336 μs, Q3 = 42.879 μs, Max = 44.177 μs
IQR = 4.669 μs, LowerFence = 31.206 μs, UpperFence = 49.882 μs
ConfidenceInterval = [39.785 μs; 41.704 μs] (CI 99.9%), Margin = 0.960 μs (2.36% of Mean)
Skewness = -0.84, Kurtosis = 2.21, MValue = 2.59

// ** Remained 24 (57.1%) benchmark(s) to run. Estimated finish 2026-08-18 15:57 (0h 21m from now) **
Setup power plan (GUID: 8c5e7fda-e8bf-4a96-9a85-a6e23a8c635c FriendlyName: High performance)
// **************************
// Benchmark: NamedPipesBenchmarks.NpSim: .NET Framework 4.8(Runtime=.NET Framework 4.8)
// *** Execute ***
// Launch: 1 / 1
// Execute: d:\code\Github\ServiceWire\src\Benchmarks\ServiceWire.Benchmarks\bin\Release\net8.0\eb0bd6a4-2dc9-4e41-9693-a66a443f1184\bin\Release\net48\eb0bd6a4-2dc9-4e41-9693-a66a443f1184.exe --anonymousPipes 4468 2240 --benchmarkName ServiceWire.Benchmarks.NamedPipesBenchmarks.NpSim --job ".NET Framework 4.8" --benchmarkId 2 in 
// BeforeAnythingElse

System.BadImageFormatException: Could not load file or assembly 'ServiceWire.Benchmarks, Version=1.0.0.0, Culture=neutral, PublicKeyToken=null' or one of its dependencies. An attempt was made to load a program with an incorrect format.
File name: 'ServiceWire.Benchmarks, Version=1.0.0.0, Culture=neutral, PublicKeyToken=null'
   at System.Reflection.RuntimeAssembly.GetType(RuntimeAssembly assembly, String name, Boolean throwOnError, Boolean ignoreCase, ObjectHandleOnStack type)
   at System.Reflection.RuntimeAssembly.GetType(String name, Boolean throwOnError, Boolean ignoreCase)
   at BenchmarkDotNet.Autogenerated.UniqueProgramName.AfterAssemblyLoadingAttached(String[] args) in d:\code\Github\ServiceWire\src\Benchmarks\ServiceWire.Benchmarks\bin\Release\net8.0\eb0bd6a4-2dc9-4e41-9693-a66a443f1184\eb0bd6a4-2dc9-4e41-9693-a66a443f1184.notcs:line 57

WRN: Assembly binding logging is turned OFF.
To enable assembly bind failure logging, set the registry value [HKLM\Software\Microsoft\Fusion!EnableLog] (DWORD) to 1.
Note: There is some performance penalty associated with assembly bind failure logging.
To turn this feature off, remove the registry value [HKLM\Software\Microsoft\Fusion!EnableLog].

// AfterAll
You are probably missing <PlatformTarget>AnyCPU</PlatformTarget> in your .csproj file.
No Workload Results were obtained from the run.
// Benchmark Process 63324 has exited with code -1.

// ** Remained 23 (54.8%) benchmark(s) to run. Estimated finish 2026-08-18 15:55 (0h 19m from now) **
Setup power plan (GUID: 8c5e7fda-e8bf-4a96-9a85-a6e23a8c635c FriendlyName: High performance)
// **************************
// Benchmark: NamedPipesBenchmarks.NpSimJson: .NET Framework 4.8(Runtime=.NET Framework 4.8)
// *** Execute ***
// Launch: 1 / 1
// Execute: d:\code\Github\ServiceWire\src\Benchmarks\ServiceWire.Benchmarks\bin\Release\net8.0\eb0bd6a4-2dc9-4e41-9693-a66a443f1184\bin\Release\net48\eb0bd6a4-2dc9-4e41-9693-a66a443f1184.exe --anonymousPipes 2572 4684 --benchmarkName ServiceWire.Benchmarks.NamedPipesBenchmarks.NpSimJson --job ".NET Framework 4.8" --benchmarkId 3 in 
// BeforeAnythingElse

System.BadImageFormatException: Could not load file or assembly 'ServiceWire.Benchmarks, Version=1.0.0.0, Culture=neutral, PublicKeyToken=null' or one of its dependencies. An attempt was made to load a program with an incorrect format.
File name: 'ServiceWire.Benchmarks, Version=1.0.0.0, Culture=neutral, PublicKeyToken=null'
   at System.Reflection.RuntimeAssembly.GetType(RuntimeAssembly assembly, String name, Boolean throwOnError, Boolean ignoreCase, ObjectHandleOnStack type)
   at System.Reflection.RuntimeAssembly.GetType(String name, Boolean throwOnError, Boolean ignoreCase)
   at BenchmarkDotNet.Autogenerated.UniqueProgramName.AfterAssemblyLoadingAttached(String[] args) in d:\code\Github\ServiceWire\src\Benchmarks\ServiceWire.Benchmarks\bin\Release\net8.0\eb0bd6a4-2dc9-4e41-9693-a66a443f1184\eb0bd6a4-2dc9-4e41-9693-a66a443f1184.notcs:line 57

WRN: Assembly binding logging is turned OFF.
To enable assembly bind failure logging, set the registry value [HKLM\Software\Microsoft\Fusion!EnableLog] (DWORD) to 1.
Note: There is some performance penalty associated with assembly bind failure logging.
To turn this feature off, remove the registry value [HKLM\Software\Microsoft\Fusion!EnableLog].

// AfterAll
You are probably missing <PlatformTarget>AnyCPU</PlatformTarget> in your .csproj file.
No Workload Results were obtained from the run.
// Benchmark Process 5376 has exited with code -1.

// ** Remained 22 (52.4%) benchmark(s) to run. Estimated finish 2026-08-18 15:53 (0h 18m from now) **
Setup power plan (GUID: 8c5e7fda-e8bf-4a96-9a85-a6e23a8c635c FriendlyName: High performance)
// **************************
// Benchmark: NamedPipesBenchmarks.NpRg: .NET Framework 4.8(Runtime=.NET Framework 4.8)
// *** Execute ***
// Launch: 1 / 1
// Execute: d:\code\Github\ServiceWire\src\Benchmarks\ServiceWire.Benchmarks\bin\Release\net8.0\eb0bd6a4-2dc9-4e41-9693-a66a443f1184\bin\Release\net48\eb0bd6a4-2dc9-4e41-9693-a66a443f1184.exe --anonymousPipes 3160 2324 --benchmarkName ServiceWire.Benchmarks.NamedPipesBenchmarks.NpRg --job ".NET Framework 4.8" --benchmarkId 4 in 
// BeforeAnythingElse

System.BadImageFormatException: Could not load file or assembly 'ServiceWire.Benchmarks, Version=1.0.0.0, Culture=neutral, PublicKeyToken=null' or one of its dependencies. An attempt was made to load a program with an incorrect format.
File name: 'ServiceWire.Benchmarks, Version=1.0.0.0, Culture=neutral, PublicKeyToken=null'
   at System.Reflection.RuntimeAssembly.GetType(RuntimeAssembly assembly, String name, Boolean throwOnError, Boolean ignoreCase, ObjectHandleOnStack type)
   at System.Reflection.RuntimeAssembly.GetType(String name, Boolean throwOnError, Boolean ignoreCase)
   at BenchmarkDotNet.Autogenerated.UniqueProgramName.AfterAssemblyLoadingAttached(String[] args) in d:\code\Github\ServiceWire\src\Benchmarks\ServiceWire.Benchmarks\bin\Release\net8.0\eb0bd6a4-2dc9-4e41-9693-a66a443f1184\eb0bd6a4-2dc9-4e41-9693-a66a443f1184.notcs:line 57

WRN: Assembly binding logging is turned OFF.
To enable assembly bind failure logging, set the registry value [HKLM\Software\Microsoft\Fusion!EnableLog] (DWORD) to 1.
Note: There is some performance penalty associated with assembly bind failure logging.
To turn this feature off, remove the registry value [HKLM\Software\Microsoft\Fusion!EnableLog].

// AfterAll
You are probably missing <PlatformTarget>AnyCPU</PlatformTarget> in your .csproj file.
No Workload Results were obtained from the run.
// Benchmark Process 66896 has exited with code -1.

// ** Remained 21 (50.0%) benchmark(s) to run. Estimated finish 2026-08-18 15:51 (0h 16m from now) **
Setup power plan (GUID: 8c5e7fda-e8bf-4a96-9a85-a6e23a8c635c FriendlyName: High performance)
// **************************
// Benchmark: NamedPipesBenchmarks.NpRgJson: .NET Framework 4.8(Runtime=.NET Framework 4.8)
// *** Execute ***
// Launch: 1 / 1
// Execute: d:\code\Github\ServiceWire\src\Benchmarks\ServiceWire.Benchmarks\bin\Release\net8.0\eb0bd6a4-2dc9-4e41-9693-a66a443f1184\bin\Release\net48\eb0bd6a4-2dc9-4e41-9693-a66a443f1184.exe --anonymousPipes 2336 3384 --benchmarkName ServiceWire.Benchmarks.NamedPipesBenchmarks.NpRgJson --job ".NET Framework 4.8" --benchmarkId 5 in 
// BeforeAnythingElse

System.BadImageFormatException: Could not load file or assembly 'ServiceWire.Benchmarks, Version=1.0.0.0, Culture=neutral, PublicKeyToken=null' or one of its dependencies. An attempt was made to load a program with an incorrect format.
File name: 'ServiceWire.Benchmarks, Version=1.0.0.0, Culture=neutral, PublicKeyToken=null'
   at System.Reflection.RuntimeAssembly.GetType(RuntimeAssembly assembly, String name, Boolean throwOnError, Boolean ignoreCase, ObjectHandleOnStack type)
   at System.Reflection.RuntimeAssembly.GetType(String name, Boolean throwOnError, Boolean ignoreCase)
   at BenchmarkDotNet.Autogenerated.UniqueProgramName.AfterAssemblyLoadingAttached(String[] args) in d:\code\Github\ServiceWire\src\Benchmarks\ServiceWire.Benchmarks\bin\Release\net8.0\eb0bd6a4-2dc9-4e41-9693-a66a443f1184\eb0bd6a4-2dc9-4e41-9693-a66a443f1184.notcs:line 57

WRN: Assembly binding logging is turned OFF.
To enable assembly bind failure logging, set the registry value [HKLM\Software\Microsoft\Fusion!EnableLog] (DWORD) to 1.
Note: There is some performance penalty associated with assembly bind failure logging.
To turn this feature off, remove the registry value [HKLM\Software\Microsoft\Fusion!EnableLog].

// AfterAll
You are probably missing <PlatformTarget>AnyCPU</PlatformTarget> in your .csproj file.
No Workload Results were obtained from the run.
// Benchmark Process 69524 has exited with code -1.

// ** Remained 20 (47.6%) benchmark(s) to run. Estimated finish 2026-08-18 15:50 (0h 14m from now) **
Setup power plan (GUID: 8c5e7fda-e8bf-4a96-9a85-a6e23a8c635c FriendlyName: High performance)
// **************************
// Benchmark: NamedPipesBenchmarks.NpCxOut: .NET Framework 4.8(Runtime=.NET Framework 4.8)
// *** Execute ***
// Launch: 1 / 1
// Execute: d:\code\Github\ServiceWire\src\Benchmarks\ServiceWire.Benchmarks\bin\Release\net8.0\eb0bd6a4-2dc9-4e41-9693-a66a443f1184\bin\Release\net48\eb0bd6a4-2dc9-4e41-9693-a66a443f1184.exe --anonymousPipes 4088 3352 --benchmarkName ServiceWire.Benchmarks.NamedPipesBenchmarks.NpCxOut --job ".NET Framework 4.8" --benchmarkId 6 in 
// BeforeAnythingElse

System.BadImageFormatException: Could not load file or assembly 'ServiceWire.Benchmarks, Version=1.0.0.0, Culture=neutral, PublicKeyToken=null' or one of its dependencies. An attempt was made to load a program with an incorrect format.
File name: 'ServiceWire.Benchmarks, Version=1.0.0.0, Culture=neutral, PublicKeyToken=null'
   at System.Reflection.RuntimeAssembly.GetType(RuntimeAssembly assembly, String name, Boolean throwOnError, Boolean ignoreCase, ObjectHandleOnStack type)
   at System.Reflection.RuntimeAssembly.GetType(String name, Boolean throwOnError, Boolean ignoreCase)
   at BenchmarkDotNet.Autogenerated.UniqueProgramName.AfterAssemblyLoadingAttached(String[] args) in d:\code\Github\ServiceWire\src\Benchmarks\ServiceWire.Benchmarks\bin\Release\net8.0\eb0bd6a4-2dc9-4e41-9693-a66a443f1184\eb0bd6a4-2dc9-4e41-9693-a66a443f1184.notcs:line 57

WRN: Assembly binding logging is turned OFF.
To enable assembly bind failure logging, set the registry value [HKLM\Software\Microsoft\Fusion!EnableLog] (DWORD) to 1.
Note: There is some performance penalty associated with assembly bind failure logging.
To turn this feature off, remove the registry value [HKLM\Software\Microsoft\Fusion!EnableLog].

// AfterAll
You are probably missing <PlatformTarget>AnyCPU</PlatformTarget> in your .csproj file.
No Workload Results were obtained from the run.
// Benchmark Process 59428 has exited with code -1.

// ** Remained 19 (45.2%) benchmark(s) to run. Estimated finish 2026-08-18 15:48 (0h 13m from now) **
Setup power plan (GUID: 8c5e7fda-e8bf-4a96-9a85-a6e23a8c635c FriendlyName: High performance)
// **************************
// Benchmark: NamedPipesBenchmarks.NpCxOutJson: .NET Framework 4.8(Runtime=.NET Framework 4.8)
// *** Execute ***
// Launch: 1 / 1
// Execute: d:\code\Github\ServiceWire\src\Benchmarks\ServiceWire.Benchmarks\bin\Release\net8.0\eb0bd6a4-2dc9-4e41-9693-a66a443f1184\bin\Release\net48\eb0bd6a4-2dc9-4e41-9693-a66a443f1184.exe --anonymousPipes 2348 1296 --benchmarkName ServiceWire.Benchmarks.NamedPipesBenchmarks.NpCxOutJson --job ".NET Framework 4.8" --benchmarkId 7 in 
// BeforeAnythingElse

System.BadImageFormatException: Could not load file or assembly 'ServiceWire.Benchmarks, Version=1.0.0.0, Culture=neutral, PublicKeyToken=null' or one of its dependencies. An attempt was made to load a program with an incorrect format.
File name: 'ServiceWire.Benchmarks, Version=1.0.0.0, Culture=neutral, PublicKeyToken=null'
   at System.Reflection.RuntimeAssembly.GetType(RuntimeAssembly assembly, String name, Boolean throwOnError, Boolean ignoreCase, ObjectHandleOnStack type)
   at System.Reflection.RuntimeAssembly.GetType(String name, Boolean throwOnError, Boolean ignoreCase)
   at BenchmarkDotNet.Autogenerated.UniqueProgramName.AfterAssemblyLoadingAttached(String[] args) in d:\code\Github\ServiceWire\src\Benchmarks\ServiceWire.Benchmarks\bin\Release\net8.0\eb0bd6a4-2dc9-4e41-9693-a66a443f1184\eb0bd6a4-2dc9-4e41-9693-a66a443f1184.notcs:line 57

WRN: Assembly binding logging is turned OFF.
To enable assembly bind failure logging, set the registry value [HKLM\Software\Microsoft\Fusion!EnableLog] (DWORD) to 1.
Note: There is some performance penalty associated with assembly bind failure logging.
To turn this feature off, remove the registry value [HKLM\Software\Microsoft\Fusion!EnableLog].

// AfterAll
You are probably missing <PlatformTarget>AnyCPU</PlatformTarget> in your .csproj file.
No Workload Results were obtained from the run.
// Benchmark Process 68860 has exited with code -1.

// ** Remained 18 (42.9%) benchmark(s) to run. Estimated finish 2026-08-18 15:47 (0h 12m from now) **
Successfully reverted power plan (GUID: 8c5e7fda-e8bf-4a96-9a85-a6e23a8c635c FriendlyName: High performance)
Run time: 00:15:47 (947.64 sec), executed benchmarks: 18

// Found 18 benchmarks:
//   TcpBenchmarks.TcpSim: .NET 6.0(Runtime=.NET 6.0)
//   TcpBenchmarks.TcpSimJson: .NET 6.0(Runtime=.NET 6.0)
//   TcpBenchmarks.TcpRg: .NET 6.0(Runtime=.NET 6.0)
//   TcpBenchmarks.TcpRgJson: .NET 6.0(Runtime=.NET 6.0)
//   TcpBenchmarks.TcpCxOut: .NET 6.0(Runtime=.NET 6.0)
//   TcpBenchmarks.TcpCxOutJson: .NET 6.0(Runtime=.NET 6.0)
//   TcpBenchmarks.TcpSim: .NET 8.0(Runtime=.NET 8.0)
//   TcpBenchmarks.TcpSimJson: .NET 8.0(Runtime=.NET 8.0)
//   TcpBenchmarks.TcpRg: .NET 8.0(Runtime=.NET 8.0)
//   TcpBenchmarks.TcpRgJson: .NET 8.0(Runtime=.NET 8.0)
//   TcpBenchmarks.TcpCxOut: .NET 8.0(Runtime=.NET 8.0)
//   TcpBenchmarks.TcpCxOutJson: .NET 8.0(Runtime=.NET 8.0)
//   TcpBenchmarks.TcpSim: .NET Framework 4.8(Runtime=.NET Framework 4.8)
//   TcpBenchmarks.TcpSimJson: .NET Framework 4.8(Runtime=.NET Framework 4.8)
//   TcpBenchmarks.TcpRg: .NET Framework 4.8(Runtime=.NET Framework 4.8)
//   TcpBenchmarks.TcpRgJson: .NET Framework 4.8(Runtime=.NET Framework 4.8)
//   TcpBenchmarks.TcpCxOut: .NET Framework 4.8(Runtime=.NET Framework 4.8)
//   TcpBenchmarks.TcpCxOutJson: .NET Framework 4.8(Runtime=.NET Framework 4.8)

Setup power plan (GUID: 8c5e7fda-e8bf-4a96-9a85-a6e23a8c635c FriendlyName: High performance)
// **************************
// Benchmark: TcpBenchmarks.TcpSim: .NET 6.0(Runtime=.NET 6.0)
// *** Execute ***
// Launch: 1 / 1
// Execute: dotnet 28b8886a-3d8c-41cc-bc62-dd7109f66270.dll --anonymousPipes 4412 4400 --benchmarkName ServiceWire.Benchmarks.TcpBenchmarks.TcpSim --job ".NET 6.0" --benchmarkId 8 in d:\code\Github\ServiceWire\src\Benchmarks\ServiceWire.Benchmarks\bin\Release\net8.0\28b8886a-3d8c-41cc-bc62-dd7109f66270\bin\Release\net6.0
// BeforeAnythingElse

System.Reflection.TargetInvocationException: Exception has been thrown by the target of an invocation.
 ---> System.Net.Sockets.SocketException (10048): Only one usage of each socket address (protocol/network address/port) is normally permitted.
   at System.Net.Sockets.Socket.UpdateStatusAfterSocketErrorAndThrowException(SocketError error, String callerName)
   at System.Net.Sockets.Socket.DoBind(EndPoint endPointSnapshot, SocketAddress socketAddress)
   at System.Net.Sockets.Socket.Bind(EndPoint localEP)
   at ServiceWire.TcpIp.TcpHost.StartListener() in d:\code\Github\ServiceWire\src\ServiceWire\TcpIp\TcpHost.cs:line 84
   at ServiceWire.Host.Open() in d:\code\Github\ServiceWire\src\ServiceWire\Host.cs:line 261
   at ServiceWire.Benchmarks.TcpBenchmarks..ctor() in D:\code\Github\ServiceWire\src\Benchmarks\ServiceWire.Benchmarks\TcpBenchmarks.cs:line 39
   at BenchmarkDotNet.Autogenerated.Runnable_8..ctor() in d:\code\Github\ServiceWire\src\Benchmarks\ServiceWire.Benchmarks\bin\Release\net8.0\28b8886a-3d8c-41cc-bc62-dd7109f66270\28b8886a-3d8c-41cc-bc62-dd7109f66270.notcs:line 1726
   at BenchmarkDotNet.Autogenerated.Runnable_8.Run(IHost host, String benchmarkName) in d:\code\Github\ServiceWire\src\Benchmarks\ServiceWire.Benchmarks\bin\Release\net8.0\28b8886a-3d8c-41cc-bc62-dd7109f66270\28b8886a-3d8c-41cc-bc62-dd7109f66270.notcs:line 1674
   --- End of inner exception stack trace ---
   at System.RuntimeMethodHandle.InvokeMethod(Object target, Span`1& arguments, Signature sig, Boolean constructor, Boolean wrapExceptions)
   at System.Reflection.RuntimeMethodInfo.Invoke(Object obj, BindingFlags invokeAttr, Binder binder, Object[] parameters, CultureInfo culture)
   at System.Reflection.MethodBase.Invoke(Object obj, Object[] parameters)
   at BenchmarkDotNet.Autogenerated.UniqueProgramName.AfterAssemblyLoadingAttached(String[] args) in d:\code\Github\ServiceWire\src\Benchmarks\ServiceWire.Benchmarks\bin\Release\net8.0\28b8886a-3d8c-41cc-bc62-dd7109f66270\28b8886a-3d8c-41cc-bc62-dd7109f66270.notcs:line 57
// AfterAll
No Workload Results were obtained from the run.
// Benchmark Process 68068 has exited with code -1.

// ** Remained 17 (40.5%) benchmark(s) to run. Estimated finish 2026-08-18 15:46 (0h 11m from now) **
Setup power plan (GUID: 8c5e7fda-e8bf-4a96-9a85-a6e23a8c635c FriendlyName: High performance)
// **************************
// Benchmark: TcpBenchmarks.TcpSimJson: .NET 6.0(Runtime=.NET 6.0)
// *** Execute ***
// Launch: 1 / 1
// Execute: dotnet 28b8886a-3d8c-41cc-bc62-dd7109f66270.dll --anonymousPipes 4412 4400 --benchmarkName ServiceWire.Benchmarks.TcpBenchmarks.TcpSimJson --job ".NET 6.0" --benchmarkId 9 in d:\code\Github\ServiceWire\src\Benchmarks\ServiceWire.Benchmarks\bin\Release\net8.0\28b8886a-3d8c-41cc-bc62-dd7109f66270\bin\Release\net6.0
// BeforeAnythingElse

System.Reflection.TargetInvocationException: Exception has been thrown by the target of an invocation.
 ---> System.Net.Sockets.SocketException (10048): Only one usage of each socket address (protocol/network address/port) is normally permitted.
   at System.Net.Sockets.Socket.UpdateStatusAfterSocketErrorAndThrowException(SocketError error, String callerName)
   at System.Net.Sockets.Socket.DoBind(EndPoint endPointSnapshot, SocketAddress socketAddress)
   at System.Net.Sockets.Socket.Bind(EndPoint localEP)
   at ServiceWire.TcpIp.TcpHost.StartListener() in d:\code\Github\ServiceWire\src\ServiceWire\TcpIp\TcpHost.cs:line 84
   at ServiceWire.Host.Open() in d:\code\Github\ServiceWire\src\ServiceWire\Host.cs:line 261
   at ServiceWire.Benchmarks.TcpBenchmarks..ctor() in D:\code\Github\ServiceWire\src\Benchmarks\ServiceWire.Benchmarks\TcpBenchmarks.cs:line 39
   at BenchmarkDotNet.Autogenerated.Runnable_9..ctor() in d:\code\Github\ServiceWire\src\Benchmarks\ServiceWire.Benchmarks\bin\Release\net8.0\28b8886a-3d8c-41cc-bc62-dd7109f66270\28b8886a-3d8c-41cc-bc62-dd7109f66270.notcs:line 1918
   at BenchmarkDotNet.Autogenerated.Runnable_9.Run(IHost host, String benchmarkName) in d:\code\Github\ServiceWire\src\Benchmarks\ServiceWire.Benchmarks\bin\Release\net8.0\28b8886a-3d8c-41cc-bc62-dd7109f66270\28b8886a-3d8c-41cc-bc62-dd7109f66270.notcs:line 1866
   --- End of inner exception stack trace ---
   at System.RuntimeMethodHandle.InvokeMethod(Object target, Span`1& arguments, Signature sig, Boolean constructor, Boolean wrapExceptions)
   at System.Reflection.RuntimeMethodInfo.Invoke(Object obj, BindingFlags invokeAttr, Binder binder, Object[] parameters, CultureInfo culture)
   at System.Reflection.MethodBase.Invoke(Object obj, Object[] parameters)
   at BenchmarkDotNet.Autogenerated.UniqueProgramName.AfterAssemblyLoadingAttached(String[] args) in d:\code\Github\ServiceWire\src\Benchmarks\ServiceWire.Benchmarks\bin\Release\net8.0\28b8886a-3d8c-41cc-bc62-dd7109f66270\28b8886a-3d8c-41cc-bc62-dd7109f66270.notcs:line 57
// AfterAll
No Workload Results were obtained from the run.
// Benchmark Process 69812 has exited with code -1.

// ** Remained 16 (38.1%) benchmark(s) to run. Estimated finish 2026-08-18 15:45 (0h 10m from now) **
Setup power plan (GUID: 8c5e7fda-e8bf-4a96-9a85-a6e23a8c635c FriendlyName: High performance)
// **************************
// Benchmark: TcpBenchmarks.TcpRg: .NET 6.0(Runtime=.NET 6.0)
// *** Execute ***
// Launch: 1 / 1
// Execute: dotnet 28b8886a-3d8c-41cc-bc62-dd7109f66270.dll --anonymousPipes 4400 2356 --benchmarkName ServiceWire.Benchmarks.TcpBenchmarks.TcpRg --job ".NET 6.0" --benchmarkId 10 in d:\code\Github\ServiceWire\src\Benchmarks\ServiceWire.Benchmarks\bin\Release\net8.0\28b8886a-3d8c-41cc-bc62-dd7109f66270\bin\Release\net6.0
// BeforeAnythingElse

System.Reflection.TargetInvocationException: Exception has been thrown by the target of an invocation.
 ---> System.Net.Sockets.SocketException (10048): Only one usage of each socket address (protocol/network address/port) is normally permitted.
   at System.Net.Sockets.Socket.UpdateStatusAfterSocketErrorAndThrowException(SocketError error, String callerName)
   at System.Net.Sockets.Socket.DoBind(EndPoint endPointSnapshot, SocketAddress socketAddress)
   at System.Net.Sockets.Socket.Bind(EndPoint localEP)
   at ServiceWire.TcpIp.TcpHost.StartListener() in d:\code\Github\ServiceWire\src\ServiceWire\TcpIp\TcpHost.cs:line 84
   at ServiceWire.Host.Open() in d:\code\Github\ServiceWire\src\ServiceWire\Host.cs:line 261
   at ServiceWire.Benchmarks.TcpBenchmarks..ctor() in D:\code\Github\ServiceWire\src\Benchmarks\ServiceWire.Benchmarks\TcpBenchmarks.cs:line 39
   at BenchmarkDotNet.Autogenerated.Runnable_10..ctor() in d:\code\Github\ServiceWire\src\Benchmarks\ServiceWire.Benchmarks\bin\Release\net8.0\28b8886a-3d8c-41cc-bc62-dd7109f66270\28b8886a-3d8c-41cc-bc62-dd7109f66270.notcs:line 2110
   at BenchmarkDotNet.Autogenerated.Runnable_10.Run(IHost host, String benchmarkName) in d:\code\Github\ServiceWire\src\Benchmarks\ServiceWire.Benchmarks\bin\Release\net8.0\28b8886a-3d8c-41cc-bc62-dd7109f66270\28b8886a-3d8c-41cc-bc62-dd7109f66270.notcs:line 2058
   --- End of inner exception stack trace ---
   at System.RuntimeMethodHandle.InvokeMethod(Object target, Span`1& arguments, Signature sig, Boolean constructor, Boolean wrapExceptions)
   at System.Reflection.RuntimeMethodInfo.Invoke(Object obj, BindingFlags invokeAttr, Binder binder, Object[] parameters, CultureInfo culture)
   at System.Reflection.MethodBase.Invoke(Object obj, Object[] parameters)
   at BenchmarkDotNet.Autogenerated.UniqueProgramName.AfterAssemblyLoadingAttached(String[] args) in d:\code\Github\ServiceWire\src\Benchmarks\ServiceWire.Benchmarks\bin\Release\net8.0\28b8886a-3d8c-41cc-bc62-dd7109f66270\28b8886a-3d8c-41cc-bc62-dd7109f66270.notcs:line 57
// AfterAll
No Workload Results were obtained from the run.
// Benchmark Process 27584 has exited with code -1.

// ** Remained 15 (35.7%) benchmark(s) to run. Estimated finish 2026-08-18 15:44 (0h 9m from now) **
Setup power plan (GUID: 8c5e7fda-e8bf-4a96-9a85-a6e23a8c635c FriendlyName: High performance)
// **************************
// Benchmark: TcpBenchmarks.TcpRgJson: .NET 6.0(Runtime=.NET 6.0)
// *** Execute ***
// Launch: 1 / 1
// Execute: dotnet 28b8886a-3d8c-41cc-bc62-dd7109f66270.dll --anonymousPipes 4448 1348 --benchmarkName ServiceWire.Benchmarks.TcpBenchmarks.TcpRgJson --job ".NET 6.0" --benchmarkId 11 in d:\code\Github\ServiceWire\src\Benchmarks\ServiceWire.Benchmarks\bin\Release\net8.0\28b8886a-3d8c-41cc-bc62-dd7109f66270\bin\Release\net6.0
// BeforeAnythingElse

System.Reflection.TargetInvocationException: Exception has been thrown by the target of an invocation.
 ---> System.Net.Sockets.SocketException (10048): Only one usage of each socket address (protocol/network address/port) is normally permitted.
   at System.Net.Sockets.Socket.UpdateStatusAfterSocketErrorAndThrowException(SocketError error, String callerName)
   at System.Net.Sockets.Socket.DoBind(EndPoint endPointSnapshot, SocketAddress socketAddress)
   at System.Net.Sockets.Socket.Bind(EndPoint localEP)
   at ServiceWire.TcpIp.TcpHost.StartListener() in d:\code\Github\ServiceWire\src\ServiceWire\TcpIp\TcpHost.cs:line 84
   at ServiceWire.Host.Open() in d:\code\Github\ServiceWire\src\ServiceWire\Host.cs:line 261
   at ServiceWire.Benchmarks.TcpBenchmarks..ctor() in D:\code\Github\ServiceWire\src\Benchmarks\ServiceWire.Benchmarks\TcpBenchmarks.cs:line 39
   at BenchmarkDotNet.Autogenerated.Runnable_11..ctor() in d:\code\Github\ServiceWire\src\Benchmarks\ServiceWire.Benchmarks\bin\Release\net8.0\28b8886a-3d8c-41cc-bc62-dd7109f66270\28b8886a-3d8c-41cc-bc62-dd7109f66270.notcs:line 2302
   at BenchmarkDotNet.Autogenerated.Runnable_11.Run(IHost host, String benchmarkName) in d:\code\Github\ServiceWire\src\Benchmarks\ServiceWire.Benchmarks\bin\Release\net8.0\28b8886a-3d8c-41cc-bc62-dd7109f66270\28b8886a-3d8c-41cc-bc62-dd7109f66270.notcs:line 2250
   --- End of inner exception stack trace ---
   at System.RuntimeMethodHandle.InvokeMethod(Object target, Span`1& arguments, Signature sig, Boolean constructor, Boolean wrapExceptions)
   at System.Reflection.RuntimeMethodInfo.Invoke(Object obj, BindingFlags invokeAttr, Binder binder, Object[] parameters, CultureInfo culture)
   at System.Reflection.MethodBase.Invoke(Object obj, Object[] parameters)
   at BenchmarkDotNet.Autogenerated.UniqueProgramName.AfterAssemblyLoadingAttached(String[] args) in d:\code\Github\ServiceWire\src\Benchmarks\ServiceWire.Benchmarks\bin\Release\net8.0\28b8886a-3d8c-41cc-bc62-dd7109f66270\28b8886a-3d8c-41cc-bc62-dd7109f66270.notcs:line 57
// AfterAll
No Workload Results were obtained from the run.
// Benchmark Process 67668 has exited with code -1.

// ** Remained 14 (33.3%) benchmark(s) to run. Estimated finish 2026-08-18 15:43 (0h 8m from now) **
Setup power plan (GUID: 8c5e7fda-e8bf-4a96-9a85-a6e23a8c635c FriendlyName: High performance)
// **************************
// Benchmark: TcpBenchmarks.TcpCxOut: .NET 6.0(Runtime=.NET 6.0)
// *** Execute ***
// Launch: 1 / 1
// Execute: dotnet 28b8886a-3d8c-41cc-bc62-dd7109f66270.dll --anonymousPipes 4432 2356 --benchmarkName ServiceWire.Benchmarks.TcpBenchmarks.TcpCxOut --job ".NET 6.0" --benchmarkId 12 in d:\code\Github\ServiceWire\src\Benchmarks\ServiceWire.Benchmarks\bin\Release\net8.0\28b8886a-3d8c-41cc-bc62-dd7109f66270\bin\Release\net6.0
// BeforeAnythingElse

System.Reflection.TargetInvocationException: Exception has been thrown by the target of an invocation.
 ---> System.Net.Sockets.SocketException (10048): Only one usage of each socket address (protocol/network address/port) is normally permitted.
   at System.Net.Sockets.Socket.UpdateStatusAfterSocketErrorAndThrowException(SocketError error, String callerName)
   at System.Net.Sockets.Socket.DoBind(EndPoint endPointSnapshot, SocketAddress socketAddress)
   at System.Net.Sockets.Socket.Bind(EndPoint localEP)
   at ServiceWire.TcpIp.TcpHost.StartListener() in d:\code\Github\ServiceWire\src\ServiceWire\TcpIp\TcpHost.cs:line 84
   at ServiceWire.Host.Open() in d:\code\Github\ServiceWire\src\ServiceWire\Host.cs:line 261
   at ServiceWire.Benchmarks.TcpBenchmarks..ctor() in D:\code\Github\ServiceWire\src\Benchmarks\ServiceWire.Benchmarks\TcpBenchmarks.cs:line 39
   at BenchmarkDotNet.Autogenerated.Runnable_12..ctor() in d:\code\Github\ServiceWire\src\Benchmarks\ServiceWire.Benchmarks\bin\Release\net8.0\28b8886a-3d8c-41cc-bc62-dd7109f66270\28b8886a-3d8c-41cc-bc62-dd7109f66270.notcs:line 2494
   at BenchmarkDotNet.Autogenerated.Runnable_12.Run(IHost host, String benchmarkName) in d:\code\Github\ServiceWire\src\Benchmarks\ServiceWire.Benchmarks\bin\Release\net8.0\28b8886a-3d8c-41cc-bc62-dd7109f66270\28b8886a-3d8c-41cc-bc62-dd7109f66270.notcs:line 2442
   --- End of inner exception stack trace ---
   at System.RuntimeMethodHandle.InvokeMethod(Object target, Span`1& arguments, Signature sig, Boolean constructor, Boolean wrapExceptions)
   at System.Reflection.RuntimeMethodInfo.Invoke(Object obj, BindingFlags invokeAttr, Binder binder, Object[] parameters, CultureInfo culture)
   at System.Reflection.MethodBase.Invoke(Object obj, Object[] parameters)
   at BenchmarkDotNet.Autogenerated.UniqueProgramName.AfterAssemblyLoadingAttached(String[] args) in d:\code\Github\ServiceWire\src\Benchmarks\ServiceWire.Benchmarks\bin\Release\net8.0\28b8886a-3d8c-41cc-bc62-dd7109f66270\28b8886a-3d8c-41cc-bc62-dd7109f66270.notcs:line 57
// AfterAll
No Workload Results were obtained from the run.
// Benchmark Process 67948 has exited with code -1.

// ** Remained 13 (31.0%) benchmark(s) to run. Estimated finish 2026-08-18 15:42 (0h 7m from now) **
Setup power plan (GUID: 8c5e7fda-e8bf-4a96-9a85-a6e23a8c635c FriendlyName: High performance)
// **************************
// Benchmark: TcpBenchmarks.TcpCxOutJson: .NET 6.0(Runtime=.NET 6.0)
// *** Execute ***
// Launch: 1 / 1
// Execute: dotnet 28b8886a-3d8c-41cc-bc62-dd7109f66270.dll --anonymousPipes 4764 4340 --benchmarkName ServiceWire.Benchmarks.TcpBenchmarks.TcpCxOutJson --job ".NET 6.0" --benchmarkId 13 in d:\code\Github\ServiceWire\src\Benchmarks\ServiceWire.Benchmarks\bin\Release\net8.0\28b8886a-3d8c-41cc-bc62-dd7109f66270\bin\Release\net6.0
// BeforeAnythingElse

System.Reflection.TargetInvocationException: Exception has been thrown by the target of an invocation.
 ---> System.Net.Sockets.SocketException (10048): Only one usage of each socket address (protocol/network address/port) is normally permitted.
   at System.Net.Sockets.Socket.UpdateStatusAfterSocketErrorAndThrowException(SocketError error, String callerName)
   at System.Net.Sockets.Socket.DoBind(EndPoint endPointSnapshot, SocketAddress socketAddress)
   at System.Net.Sockets.Socket.Bind(EndPoint localEP)
   at ServiceWire.TcpIp.TcpHost.StartListener() in d:\code\Github\ServiceWire\src\ServiceWire\TcpIp\TcpHost.cs:line 84
   at ServiceWire.Host.Open() in d:\code\Github\ServiceWire\src\ServiceWire\Host.cs:line 261
   at ServiceWire.Benchmarks.TcpBenchmarks..ctor() in D:\code\Github\ServiceWire\src\Benchmarks\ServiceWire.Benchmarks\TcpBenchmarks.cs:line 39
   at BenchmarkDotNet.Autogenerated.Runnable_13..ctor() in d:\code\Github\ServiceWire\src\Benchmarks\ServiceWire.Benchmarks\bin\Release\net8.0\28b8886a-3d8c-41cc-bc62-dd7109f66270\28b8886a-3d8c-41cc-bc62-dd7109f66270.notcs:line 2686
   at BenchmarkDotNet.Autogenerated.Runnable_13.Run(IHost host, String benchmarkName) in d:\code\Github\ServiceWire\src\Benchmarks\ServiceWire.Benchmarks\bin\Release\net8.0\28b8886a-3d8c-41cc-bc62-dd7109f66270\28b8886a-3d8c-41cc-bc62-dd7109f66270.notcs:line 2634
   --- End of inner exception stack trace ---
   at System.RuntimeMethodHandle.InvokeMethod(Object target, Span`1& arguments, Signature sig, Boolean constructor, Boolean wrapExceptions)
   at System.Reflection.RuntimeMethodInfo.Invoke(Object obj, BindingFlags invokeAttr, Binder binder, Object[] parameters, CultureInfo culture)
   at System.Reflection.MethodBase.Invoke(Object obj, Object[] parameters)
   at BenchmarkDotNet.Autogenerated.UniqueProgramName.AfterAssemblyLoadingAttached(String[] args) in d:\code\Github\ServiceWire\src\Benchmarks\ServiceWire.Benchmarks\bin\Release\net8.0\28b8886a-3d8c-41cc-bc62-dd7109f66270\28b8886a-3d8c-41cc-bc62-dd7109f66270.notcs:line 57
// AfterAll
No Workload Results were obtained from the run.
// Benchmark Process 20916 has exited with code -1.

// ** Remained 12 (28.6%) benchmark(s) to run. Estimated finish 2026-08-18 15:41 (0h 6m from now) **
Setup power plan (GUID: 8c5e7fda-e8bf-4a96-9a85-a6e23a8c635c FriendlyName: High performance)
// **************************
// Benchmark: TcpBenchmarks.TcpSim: .NET 8.0(Runtime=.NET 8.0)
// *** Execute ***
// Launch: 1 / 1
// Execute: dotnet 3c452962-e736-4ea3-adfd-9cff5d26791c.dll --anonymousPipes 2020 1536 --benchmarkName ServiceWire.Benchmarks.TcpBenchmarks.TcpSim --job ".NET 8.0" --benchmarkId 8 in d:\code\Github\ServiceWire\src\Benchmarks\ServiceWire.Benchmarks\bin\Release\net8.0\3c452962-e736-4ea3-adfd-9cff5d26791c\bin\Release\net8.0
// BeforeAnythingElse

System.Reflection.TargetInvocationException: Exception has been thrown by the target of an invocation.
 ---> System.Net.Sockets.SocketException (10048): Only one usage of each socket address (protocol/network address/port) is normally permitted.
   at System.Net.Sockets.Socket.UpdateStatusAfterSocketErrorAndThrowException(SocketError error, Boolean disconnectOnFailure, String callerName)
   at System.Net.Sockets.Socket.DoBind(EndPoint endPointSnapshot, SocketAddress socketAddress)
   at System.Net.Sockets.Socket.Bind(EndPoint localEP)
   at ServiceWire.TcpIp.TcpHost.StartListener() in d:\code\Github\ServiceWire\src\ServiceWire\TcpIp\TcpHost.cs:line 84
   at ServiceWire.Host.Open() in d:\code\Github\ServiceWire\src\ServiceWire\Host.cs:line 261
   at ServiceWire.Benchmarks.TcpBenchmarks..ctor() in D:\code\Github\ServiceWire\src\Benchmarks\ServiceWire.Benchmarks\TcpBenchmarks.cs:line 39
   at BenchmarkDotNet.Autogenerated.Runnable_8..ctor() in d:\code\Github\ServiceWire\src\Benchmarks\ServiceWire.Benchmarks\bin\Release\net8.0\3c452962-e736-4ea3-adfd-9cff5d26791c\3c452962-e736-4ea3-adfd-9cff5d26791c.notcs:line 1726
   at BenchmarkDotNet.Autogenerated.Runnable_8.Run(IHost host, String benchmarkName) in d:\code\Github\ServiceWire\src\Benchmarks\ServiceWire.Benchmarks\bin\Release\net8.0\3c452962-e736-4ea3-adfd-9cff5d26791c\3c452962-e736-4ea3-adfd-9cff5d26791c.notcs:line 1674
   at System.RuntimeMethodHandle.InvokeMethod(Object target, Void** arguments, Signature sig, Boolean isConstructor)
   at System.Reflection.MethodBaseInvoker.InvokeDirectByRefWithFewArgs(Object obj, Span`1 copyOfArgs, BindingFlags invokeAttr)
   --- End of inner exception stack trace ---
   at System.Reflection.MethodBaseInvoker.InvokeDirectByRefWithFewArgs(Object obj, Span`1 copyOfArgs, BindingFlags invokeAttr)
   at System.Reflection.MethodBaseInvoker.InvokeWithFewArgs(Object obj, BindingFlags invokeAttr, Binder binder, Object[] parameters, CultureInfo culture)
   at System.Reflection.MethodBase.Invoke(Object obj, Object[] parameters)
   at BenchmarkDotNet.Autogenerated.UniqueProgramName.AfterAssemblyLoadingAttached(String[] args) in d:\code\Github\ServiceWire\src\Benchmarks\ServiceWire.Benchmarks\bin\Release\net8.0\3c452962-e736-4ea3-adfd-9cff5d26791c\3c452962-e736-4ea3-adfd-9cff5d26791c.notcs:line 57
// AfterAll
No Workload Results were obtained from the run.
// Benchmark Process 66576 has exited with code -1.

// ** Remained 11 (26.2%) benchmark(s) to run. Estimated finish 2026-08-18 15:41 (0h 5m from now) **
Setup power plan (GUID: 8c5e7fda-e8bf-4a96-9a85-a6e23a8c635c FriendlyName: High performance)
// **************************
// Benchmark: TcpBenchmarks.TcpSimJson: .NET 8.0(Runtime=.NET 8.0)
// *** Execute ***
// Launch: 1 / 1
// Execute: dotnet 3c452962-e736-4ea3-adfd-9cff5d26791c.dll --anonymousPipes 4380 4328 --benchmarkName ServiceWire.Benchmarks.TcpBenchmarks.TcpSimJson --job ".NET 8.0" --benchmarkId 9 in d:\code\Github\ServiceWire\src\Benchmarks\ServiceWire.Benchmarks\bin\Release\net8.0\3c452962-e736-4ea3-adfd-9cff5d26791c\bin\Release\net8.0
// BeforeAnythingElse

System.Reflection.TargetInvocationException: Exception has been thrown by the target of an invocation.
 ---> System.Net.Sockets.SocketException (10048): Only one usage of each socket address (protocol/network address/port) is normally permitted.
   at System.Net.Sockets.Socket.UpdateStatusAfterSocketErrorAndThrowException(SocketError error, Boolean disconnectOnFailure, String callerName)
   at System.Net.Sockets.Socket.DoBind(EndPoint endPointSnapshot, SocketAddress socketAddress)
   at System.Net.Sockets.Socket.Bind(EndPoint localEP)
   at ServiceWire.TcpIp.TcpHost.StartListener() in d:\code\Github\ServiceWire\src\ServiceWire\TcpIp\TcpHost.cs:line 84
   at ServiceWire.Host.Open() in d:\code\Github\ServiceWire\src\ServiceWire\Host.cs:line 261
   at ServiceWire.Benchmarks.TcpBenchmarks..ctor() in D:\code\Github\ServiceWire\src\Benchmarks\ServiceWire.Benchmarks\TcpBenchmarks.cs:line 39
   at BenchmarkDotNet.Autogenerated.Runnable_9..ctor() in d:\code\Github\ServiceWire\src\Benchmarks\ServiceWire.Benchmarks\bin\Release\net8.0\3c452962-e736-4ea3-adfd-9cff5d26791c\3c452962-e736-4ea3-adfd-9cff5d26791c.notcs:line 1918
   at BenchmarkDotNet.Autogenerated.Runnable_9.Run(IHost host, String benchmarkName) in d:\code\Github\ServiceWire\src\Benchmarks\ServiceWire.Benchmarks\bin\Release\net8.0\3c452962-e736-4ea3-adfd-9cff5d26791c\3c452962-e736-4ea3-adfd-9cff5d26791c.notcs:line 1866
   at System.RuntimeMethodHandle.InvokeMethod(Object target, Void** arguments, Signature sig, Boolean isConstructor)
   at System.Reflection.MethodBaseInvoker.InvokeDirectByRefWithFewArgs(Object obj, Span`1 copyOfArgs, BindingFlags invokeAttr)
   --- End of inner exception stack trace ---
   at System.Reflection.MethodBaseInvoker.InvokeDirectByRefWithFewArgs(Object obj, Span`1 copyOfArgs, BindingFlags invokeAttr)
   at System.Reflection.MethodBaseInvoker.InvokeWithFewArgs(Object obj, BindingFlags invokeAttr, Binder binder, Object[] parameters, CultureInfo culture)
   at System.Reflection.MethodBase.Invoke(Object obj, Object[] parameters)
   at BenchmarkDotNet.Autogenerated.UniqueProgramName.AfterAssemblyLoadingAttached(String[] args) in d:\code\Github\ServiceWire\src\Benchmarks\ServiceWire.Benchmarks\bin\Release\net8.0\3c452962-e736-4ea3-adfd-9cff5d26791c\3c452962-e736-4ea3-adfd-9cff5d26791c.notcs:line 57
// AfterAll
No Workload Results were obtained from the run.
// Benchmark Process 64504 has exited with code -1.

// ** Remained 10 (23.8%) benchmark(s) to run. Estimated finish 2026-08-18 15:40 (0h 5m from now) **
Setup power plan (GUID: 8c5e7fda-e8bf-4a96-9a85-a6e23a8c635c FriendlyName: High performance)
// **************************
// Benchmark: TcpBenchmarks.TcpRg: .NET 8.0(Runtime=.NET 8.0)
// *** Execute ***
// Launch: 1 / 1
// Execute: dotnet 3c452962-e736-4ea3-adfd-9cff5d26791c.dll --anonymousPipes 4576 2072 --benchmarkName ServiceWire.Benchmarks.TcpBenchmarks.TcpRg --job ".NET 8.0" --benchmarkId 10 in d:\code\Github\ServiceWire\src\Benchmarks\ServiceWire.Benchmarks\bin\Release\net8.0\3c452962-e736-4ea3-adfd-9cff5d26791c\bin\Release\net8.0
// BeforeAnythingElse

System.Reflection.TargetInvocationException: Exception has been thrown by the target of an invocation.
 ---> System.Net.Sockets.SocketException (10048): Only one usage of each socket address (protocol/network address/port) is normally permitted.
   at System.Net.Sockets.Socket.UpdateStatusAfterSocketErrorAndThrowException(SocketError error, Boolean disconnectOnFailure, String callerName)
   at System.Net.Sockets.Socket.DoBind(EndPoint endPointSnapshot, SocketAddress socketAddress)
   at System.Net.Sockets.Socket.Bind(EndPoint localEP)
   at ServiceWire.TcpIp.TcpHost.StartListener() in d:\code\Github\ServiceWire\src\ServiceWire\TcpIp\TcpHost.cs:line 84
   at ServiceWire.Host.Open() in d:\code\Github\ServiceWire\src\ServiceWire\Host.cs:line 261
   at ServiceWire.Benchmarks.TcpBenchmarks..ctor() in D:\code\Github\ServiceWire\src\Benchmarks\ServiceWire.Benchmarks\TcpBenchmarks.cs:line 39
   at BenchmarkDotNet.Autogenerated.Runnable_10..ctor() in d:\code\Github\ServiceWire\src\Benchmarks\ServiceWire.Benchmarks\bin\Release\net8.0\3c452962-e736-4ea3-adfd-9cff5d26791c\3c452962-e736-4ea3-adfd-9cff5d26791c.notcs:line 2110
   at BenchmarkDotNet.Autogenerated.Runnable_10.Run(IHost host, String benchmarkName) in d:\code\Github\ServiceWire\src\Benchmarks\ServiceWire.Benchmarks\bin\Release\net8.0\3c452962-e736-4ea3-adfd-9cff5d26791c\3c452962-e736-4ea3-adfd-9cff5d26791c.notcs:line 2058
   at System.RuntimeMethodHandle.InvokeMethod(Object target, Void** arguments, Signature sig, Boolean isConstructor)
   at System.Reflection.MethodBaseInvoker.InvokeDirectByRefWithFewArgs(Object obj, Span`1 copyOfArgs, BindingFlags invokeAttr)
   --- End of inner exception stack trace ---
   at System.Reflection.MethodBaseInvoker.InvokeDirectByRefWithFewArgs(Object obj, Span`1 copyOfArgs, BindingFlags invokeAttr)
   at System.Reflection.MethodBaseInvoker.InvokeWithFewArgs(Object obj, BindingFlags invokeAttr, Binder binder, Object[] parameters, CultureInfo culture)
   at System.Reflection.MethodBase.Invoke(Object obj, Object[] parameters)
   at BenchmarkDotNet.Autogenerated.UniqueProgramName.AfterAssemblyLoadingAttached(String[] args) in d:\code\Github\ServiceWire\src\Benchmarks\ServiceWire.Benchmarks\bin\Release\net8.0\3c452962-e736-4ea3-adfd-9cff5d26791c\3c452962-e736-4ea3-adfd-9cff5d26791c.notcs:line 57
// AfterAll
No Workload Results were obtained from the run.
// Benchmark Process 43696 has exited with code -1.

// ** Remained 9 (21.4%) benchmark(s) to run. Estimated finish 2026-08-18 15:39 (0h 4m from now) **
Setup power plan (GUID: 8c5e7fda-e8bf-4a96-9a85-a6e23a8c635c FriendlyName: High performance)
// **************************
// Benchmark: TcpBenchmarks.TcpRgJson: .NET 8.0(Runtime=.NET 8.0)
// *** Execute ***
// Launch: 1 / 1
// Execute: dotnet 3c452962-e736-4ea3-adfd-9cff5d26791c.dll --anonymousPipes 2960 936 --benchmarkName ServiceWire.Benchmarks.TcpBenchmarks.TcpRgJson --job ".NET 8.0" --benchmarkId 11 in d:\code\Github\ServiceWire\src\Benchmarks\ServiceWire.Benchmarks\bin\Release\net8.0\3c452962-e736-4ea3-adfd-9cff5d26791c\bin\Release\net8.0
// BeforeAnythingElse

System.Reflection.TargetInvocationException: Exception has been thrown by the target of an invocation.
 ---> System.Net.Sockets.SocketException (10048): Only one usage of each socket address (protocol/network address/port) is normally permitted.
   at System.Net.Sockets.Socket.UpdateStatusAfterSocketErrorAndThrowException(SocketError error, Boolean disconnectOnFailure, String callerName)
   at System.Net.Sockets.Socket.DoBind(EndPoint endPointSnapshot, SocketAddress socketAddress)
   at System.Net.Sockets.Socket.Bind(EndPoint localEP)
   at ServiceWire.TcpIp.TcpHost.StartListener() in d:\code\Github\ServiceWire\src\ServiceWire\TcpIp\TcpHost.cs:line 84
   at ServiceWire.Host.Open() in d:\code\Github\ServiceWire\src\ServiceWire\Host.cs:line 261
   at ServiceWire.Benchmarks.TcpBenchmarks..ctor() in D:\code\Github\ServiceWire\src\Benchmarks\ServiceWire.Benchmarks\TcpBenchmarks.cs:line 39
   at BenchmarkDotNet.Autogenerated.Runnable_11..ctor() in d:\code\Github\ServiceWire\src\Benchmarks\ServiceWire.Benchmarks\bin\Release\net8.0\3c452962-e736-4ea3-adfd-9cff5d26791c\3c452962-e736-4ea3-adfd-9cff5d26791c.notcs:line 2302
   at BenchmarkDotNet.Autogenerated.Runnable_11.Run(IHost host, String benchmarkName) in d:\code\Github\ServiceWire\src\Benchmarks\ServiceWire.Benchmarks\bin\Release\net8.0\3c452962-e736-4ea3-adfd-9cff5d26791c\3c452962-e736-4ea3-adfd-9cff5d26791c.notcs:line 2250
   at System.RuntimeMethodHandle.InvokeMethod(Object target, Void** arguments, Signature sig, Boolean isConstructor)
   at System.Reflection.MethodBaseInvoker.InvokeDirectByRefWithFewArgs(Object obj, Span`1 copyOfArgs, BindingFlags invokeAttr)
   --- End of inner exception stack trace ---
   at System.Reflection.MethodBaseInvoker.InvokeDirectByRefWithFewArgs(Object obj, Span`1 copyOfArgs, BindingFlags invokeAttr)
   at System.Reflection.MethodBaseInvoker.InvokeWithFewArgs(Object obj, BindingFlags invokeAttr, Binder binder, Object[] parameters, CultureInfo culture)
   at System.Reflection.MethodBase.Invoke(Object obj, Object[] parameters)
   at BenchmarkDotNet.Autogenerated.UniqueProgramName.AfterAssemblyLoadingAttached(String[] args) in d:\code\Github\ServiceWire\src\Benchmarks\ServiceWire.Benchmarks\bin\Release\net8.0\3c452962-e736-4ea3-adfd-9cff5d26791c\3c452962-e736-4ea3-adfd-9cff5d26791c.notcs:line 57
// AfterAll
No Workload Results were obtained from the run.
// Benchmark Process 66132 has exited with code -1.

// ** Remained 8 (19.0%) benchmark(s) to run. Estimated finish 2026-08-18 15:39 (0h 3m from now) **
Setup power plan (GUID: 8c5e7fda-e8bf-4a96-9a85-a6e23a8c635c FriendlyName: High performance)
// **************************
// Benchmark: TcpBenchmarks.TcpCxOut: .NET 8.0(Runtime=.NET 8.0)
// *** Execute ***
// Launch: 1 / 1
// Execute: dotnet 3c452962-e736-4ea3-adfd-9cff5d26791c.dll --anonymousPipes 4552 1316 --benchmarkName ServiceWire.Benchmarks.TcpBenchmarks.TcpCxOut --job ".NET 8.0" --benchmarkId 12 in d:\code\Github\ServiceWire\src\Benchmarks\ServiceWire.Benchmarks\bin\Release\net8.0\3c452962-e736-4ea3-adfd-9cff5d26791c\bin\Release\net8.0
// BeforeAnythingElse

System.Reflection.TargetInvocationException: Exception has been thrown by the target of an invocation.
 ---> System.Net.Sockets.SocketException (10048): Only one usage of each socket address (protocol/network address/port) is normally permitted.
   at System.Net.Sockets.Socket.UpdateStatusAfterSocketErrorAndThrowException(SocketError error, Boolean disconnectOnFailure, String callerName)
   at System.Net.Sockets.Socket.DoBind(EndPoint endPointSnapshot, SocketAddress socketAddress)
   at System.Net.Sockets.Socket.Bind(EndPoint localEP)
   at ServiceWire.TcpIp.TcpHost.StartListener() in d:\code\Github\ServiceWire\src\ServiceWire\TcpIp\TcpHost.cs:line 84
   at ServiceWire.Host.Open() in d:\code\Github\ServiceWire\src\ServiceWire\Host.cs:line 261
   at ServiceWire.Benchmarks.TcpBenchmarks..ctor() in D:\code\Github\ServiceWire\src\Benchmarks\ServiceWire.Benchmarks\TcpBenchmarks.cs:line 39
   at BenchmarkDotNet.Autogenerated.Runnable_12..ctor() in d:\code\Github\ServiceWire\src\Benchmarks\ServiceWire.Benchmarks\bin\Release\net8.0\3c452962-e736-4ea3-adfd-9cff5d26791c\3c452962-e736-4ea3-adfd-9cff5d26791c.notcs:line 2494
   at BenchmarkDotNet.Autogenerated.Runnable_12.Run(IHost host, String benchmarkName) in d:\code\Github\ServiceWire\src\Benchmarks\ServiceWire.Benchmarks\bin\Release\net8.0\3c452962-e736-4ea3-adfd-9cff5d26791c\3c452962-e736-4ea3-adfd-9cff5d26791c.notcs:line 2442
   at System.RuntimeMethodHandle.InvokeMethod(Object target, Void** arguments, Signature sig, Boolean isConstructor)
   at System.Reflection.MethodBaseInvoker.InvokeDirectByRefWithFewArgs(Object obj, Span`1 copyOfArgs, BindingFlags invokeAttr)
   --- End of inner exception stack trace ---
   at System.Reflection.MethodBaseInvoker.InvokeDirectByRefWithFewArgs(Object obj, Span`1 copyOfArgs, BindingFlags invokeAttr)
   at System.Reflection.MethodBaseInvoker.InvokeWithFewArgs(Object obj, BindingFlags invokeAttr, Binder binder, Object[] parameters, CultureInfo culture)
   at System.Reflection.MethodBase.Invoke(Object obj, Object[] parameters)
   at BenchmarkDotNet.Autogenerated.UniqueProgramName.AfterAssemblyLoadingAttached(String[] args) in d:\code\Github\ServiceWire\src\Benchmarks\ServiceWire.Benchmarks\bin\Release\net8.0\3c452962-e736-4ea3-adfd-9cff5d26791c\3c452962-e736-4ea3-adfd-9cff5d26791c.notcs:line 57
// AfterAll
No Workload Results were obtained from the run.
// Benchmark Process 42820 has exited with code -1.

// ** Remained 7 (16.7%) benchmark(s) to run. Estimated finish 2026-08-18 15:38 (0h 3m from now) **
Setup power plan (GUID: 8c5e7fda-e8bf-4a96-9a85-a6e23a8c635c FriendlyName: High performance)
// **************************
// Benchmark: TcpBenchmarks.TcpCxOutJson: .NET 8.0(Runtime=.NET 8.0)
// *** Execute ***
// Launch: 1 / 1
// Execute: dotnet 3c452962-e736-4ea3-adfd-9cff5d26791c.dll --anonymousPipes 2196 2300 --benchmarkName ServiceWire.Benchmarks.TcpBenchmarks.TcpCxOutJson --job ".NET 8.0" --benchmarkId 13 in d:\code\Github\ServiceWire\src\Benchmarks\ServiceWire.Benchmarks\bin\Release\net8.0\3c452962-e736-4ea3-adfd-9cff5d26791c\bin\Release\net8.0
// BeforeAnythingElse

System.Reflection.TargetInvocationException: Exception has been thrown by the target of an invocation.
 ---> System.Net.Sockets.SocketException (10048): Only one usage of each socket address (protocol/network address/port) is normally permitted.
   at System.Net.Sockets.Socket.UpdateStatusAfterSocketErrorAndThrowException(SocketError error, Boolean disconnectOnFailure, String callerName)
   at System.Net.Sockets.Socket.DoBind(EndPoint endPointSnapshot, SocketAddress socketAddress)
   at System.Net.Sockets.Socket.Bind(EndPoint localEP)
   at ServiceWire.TcpIp.TcpHost.StartListener() in d:\code\Github\ServiceWire\src\ServiceWire\TcpIp\TcpHost.cs:line 84
   at ServiceWire.Host.Open() in d:\code\Github\ServiceWire\src\ServiceWire\Host.cs:line 261
   at ServiceWire.Benchmarks.TcpBenchmarks..ctor() in D:\code\Github\ServiceWire\src\Benchmarks\ServiceWire.Benchmarks\TcpBenchmarks.cs:line 39
   at BenchmarkDotNet.Autogenerated.Runnable_13..ctor() in d:\code\Github\ServiceWire\src\Benchmarks\ServiceWire.Benchmarks\bin\Release\net8.0\3c452962-e736-4ea3-adfd-9cff5d26791c\3c452962-e736-4ea3-adfd-9cff5d26791c.notcs:line 2686
   at BenchmarkDotNet.Autogenerated.Runnable_13.Run(IHost host, String benchmarkName) in d:\code\Github\ServiceWire\src\Benchmarks\ServiceWire.Benchmarks\bin\Release\net8.0\3c452962-e736-4ea3-adfd-9cff5d26791c\3c452962-e736-4ea3-adfd-9cff5d26791c.notcs:line 2634
   at System.RuntimeMethodHandle.InvokeMethod(Object target, Void** arguments, Signature sig, Boolean isConstructor)
   at System.Reflection.MethodBaseInvoker.InvokeDirectByRefWithFewArgs(Object obj, Span`1 copyOfArgs, BindingFlags invokeAttr)
   --- End of inner exception stack trace ---
   at System.Reflection.MethodBaseInvoker.InvokeDirectByRefWithFewArgs(Object obj, Span`1 copyOfArgs, BindingFlags invokeAttr)
   at System.Reflection.MethodBaseInvoker.InvokeWithFewArgs(Object obj, BindingFlags invokeAttr, Binder binder, Object[] parameters, CultureInfo culture)
   at System.Reflection.MethodBase.Invoke(Object obj, Object[] parameters)
   at BenchmarkDotNet.Autogenerated.UniqueProgramName.AfterAssemblyLoadingAttached(String[] args) in d:\code\Github\ServiceWire\src\Benchmarks\ServiceWire.Benchmarks\bin\Release\net8.0\3c452962-e736-4ea3-adfd-9cff5d26791c\3c452962-e736-4ea3-adfd-9cff5d26791c.notcs:line 57
// AfterAll
No Workload Results were obtained from the run.
// Benchmark Process 73092 has exited with code -1.

// ** Remained 6 (14.3%) benchmark(s) to run. Estimated finish 2026-08-18 15:37 (0h 2m from now) **
Setup power plan (GUID: 8c5e7fda-e8bf-4a96-9a85-a6e23a8c635c FriendlyName: High performance)
// **************************
// Benchmark: TcpBenchmarks.TcpSim: .NET Framework 4.8(Runtime=.NET Framework 4.8)
// *** Execute ***
// Launch: 1 / 1
// Execute: d:\code\Github\ServiceWire\src\Benchmarks\ServiceWire.Benchmarks\bin\Release\net8.0\eb0bd6a4-2dc9-4e41-9693-a66a443f1184\bin\Release\net48\eb0bd6a4-2dc9-4e41-9693-a66a443f1184.exe --anonymousPipes 2020 2712 --benchmarkName ServiceWire.Benchmarks.TcpBenchmarks.TcpSim --job ".NET Framework 4.8" --benchmarkId 8 in 
// BeforeAnythingElse

System.BadImageFormatException: Could not load file or assembly 'ServiceWire.Benchmarks, Version=1.0.0.0, Culture=neutral, PublicKeyToken=null' or one of its dependencies. An attempt was made to load a program with an incorrect format.
File name: 'ServiceWire.Benchmarks, Version=1.0.0.0, Culture=neutral, PublicKeyToken=null'
   at System.Reflection.RuntimeAssembly.GetType(RuntimeAssembly assembly, String name, Boolean throwOnError, Boolean ignoreCase, ObjectHandleOnStack type)
   at System.Reflection.RuntimeAssembly.GetType(String name, Boolean throwOnError, Boolean ignoreCase)
   at BenchmarkDotNet.Autogenerated.UniqueProgramName.AfterAssemblyLoadingAttached(String[] args) in d:\code\Github\ServiceWire\src\Benchmarks\ServiceWire.Benchmarks\bin\Release\net8.0\eb0bd6a4-2dc9-4e41-9693-a66a443f1184\eb0bd6a4-2dc9-4e41-9693-a66a443f1184.notcs:line 57

WRN: Assembly binding logging is turned OFF.
To enable assembly bind failure logging, set the registry value [HKLM\Software\Microsoft\Fusion!EnableLog] (DWORD) to 1.
Note: There is some performance penalty associated with assembly bind failure logging.
To turn this feature off, remove the registry value [HKLM\Software\Microsoft\Fusion!EnableLog].

// AfterAll
You are probably missing <PlatformTarget>AnyCPU</PlatformTarget> in your .csproj file.
No Workload Results were obtained from the run.
// Benchmark Process 59608 has exited with code -1.

// ** Remained 5 (11.9%) benchmark(s) to run. Estimated finish 2026-08-18 15:37 (0h 2m from now) **
Setup power plan (GUID: 8c5e7fda-e8bf-4a96-9a85-a6e23a8c635c FriendlyName: High performance)
// **************************
// Benchmark: TcpBenchmarks.TcpSimJson: .NET Framework 4.8(Runtime=.NET Framework 4.8)
// *** Execute ***
// Launch: 1 / 1
// Execute: d:\code\Github\ServiceWire\src\Benchmarks\ServiceWire.Benchmarks\bin\Release\net8.0\eb0bd6a4-2dc9-4e41-9693-a66a443f1184\bin\Release\net48\eb0bd6a4-2dc9-4e41-9693-a66a443f1184.exe --anonymousPipes 2384 4024 --benchmarkName ServiceWire.Benchmarks.TcpBenchmarks.TcpSimJson --job ".NET Framework 4.8" --benchmarkId 9 in 
// BeforeAnythingElse

System.BadImageFormatException: Could not load file or assembly 'ServiceWire.Benchmarks, Version=1.0.0.0, Culture=neutral, PublicKeyToken=null' or one of its dependencies. An attempt was made to load a program with an incorrect format.
File name: 'ServiceWire.Benchmarks, Version=1.0.0.0, Culture=neutral, PublicKeyToken=null'
   at System.Reflection.RuntimeAssembly.GetType(RuntimeAssembly assembly, String name, Boolean throwOnError, Boolean ignoreCase, ObjectHandleOnStack type)
   at System.Reflection.RuntimeAssembly.GetType(String name, Boolean throwOnError, Boolean ignoreCase)
   at BenchmarkDotNet.Autogenerated.UniqueProgramName.AfterAssemblyLoadingAttached(String[] args) in d:\code\Github\ServiceWire\src\Benchmarks\ServiceWire.Benchmarks\bin\Release\net8.0\eb0bd6a4-2dc9-4e41-9693-a66a443f1184\eb0bd6a4-2dc9-4e41-9693-a66a443f1184.notcs:line 57

WRN: Assembly binding logging is turned OFF.
To enable assembly bind failure logging, set the registry value [HKLM\Software\Microsoft\Fusion!EnableLog] (DWORD) to 1.
Note: There is some performance penalty associated with assembly bind failure logging.
To turn this feature off, remove the registry value [HKLM\Software\Microsoft\Fusion!EnableLog].

// AfterAll
You are probably missing <PlatformTarget>AnyCPU</PlatformTarget> in your .csproj file.
No Workload Results were obtained from the run.
// Benchmark Process 69104 has exited with code -1.

// ** Remained 4 (9.5%) benchmark(s) to run. Estimated finish 2026-08-18 15:36 (0h 1m from now) **
Setup power plan (GUID: 8c5e7fda-e8bf-4a96-9a85-a6e23a8c635c FriendlyName: High performance)
// **************************
// Benchmark: TcpBenchmarks.TcpRg: .NET Framework 4.8(Runtime=.NET Framework 4.8)
// *** Execute ***
// Launch: 1 / 1
// Execute: d:\code\Github\ServiceWire\src\Benchmarks\ServiceWire.Benchmarks\bin\Release\net8.0\eb0bd6a4-2dc9-4e41-9693-a66a443f1184\bin\Release\net48\eb0bd6a4-2dc9-4e41-9693-a66a443f1184.exe --anonymousPipes 4552 4628 --benchmarkName ServiceWire.Benchmarks.TcpBenchmarks.TcpRg --job ".NET Framework 4.8" --benchmarkId 10 in 
// BeforeAnythingElse

System.BadImageFormatException: Could not load file or assembly 'ServiceWire.Benchmarks, Version=1.0.0.0, Culture=neutral, PublicKeyToken=null' or one of its dependencies. An attempt was made to load a program with an incorrect format.
File name: 'ServiceWire.Benchmarks, Version=1.0.0.0, Culture=neutral, PublicKeyToken=null'
   at System.Reflection.RuntimeAssembly.GetType(RuntimeAssembly assembly, String name, Boolean throwOnError, Boolean ignoreCase, ObjectHandleOnStack type)
   at System.Reflection.RuntimeAssembly.GetType(String name, Boolean throwOnError, Boolean ignoreCase)
   at BenchmarkDotNet.Autogenerated.UniqueProgramName.AfterAssemblyLoadingAttached(String[] args) in d:\code\Github\ServiceWire\src\Benchmarks\ServiceWire.Benchmarks\bin\Release\net8.0\eb0bd6a4-2dc9-4e41-9693-a66a443f1184\eb0bd6a4-2dc9-4e41-9693-a66a443f1184.notcs:line 57

WRN: Assembly binding logging is turned OFF.
To enable assembly bind failure logging, set the registry value [HKLM\Software\Microsoft\Fusion!EnableLog] (DWORD) to 1.
Note: There is some performance penalty associated with assembly bind failure logging.
To turn this feature off, remove the registry value [HKLM\Software\Microsoft\Fusion!EnableLog].

// AfterAll
You are probably missing <PlatformTarget>AnyCPU</PlatformTarget> in your .csproj file.
No Workload Results were obtained from the run.
// Benchmark Process 70776 has exited with code -1.

// ** Remained 3 (7.1%) benchmark(s) to run. Estimated finish 2026-08-18 15:36 (0h 1m from now) **
Setup power plan (GUID: 8c5e7fda-e8bf-4a96-9a85-a6e23a8c635c FriendlyName: High performance)
// **************************
// Benchmark: TcpBenchmarks.TcpRgJson: .NET Framework 4.8(Runtime=.NET Framework 4.8)
// *** Execute ***
// Launch: 1 / 1
// Execute: d:\code\Github\ServiceWire\src\Benchmarks\ServiceWire.Benchmarks\bin\Release\net8.0\eb0bd6a4-2dc9-4e41-9693-a66a443f1184\bin\Release\net48\eb0bd6a4-2dc9-4e41-9693-a66a443f1184.exe --anonymousPipes 3180 4288 --benchmarkName ServiceWire.Benchmarks.TcpBenchmarks.TcpRgJson --job ".NET Framework 4.8" --benchmarkId 11 in 
// BeforeAnythingElse

System.BadImageFormatException: Could not load file or assembly 'ServiceWire.Benchmarks, Version=1.0.0.0, Culture=neutral, PublicKeyToken=null' or one of its dependencies. An attempt was made to load a program with an incorrect format.
File name: 'ServiceWire.Benchmarks, Version=1.0.0.0, Culture=neutral, PublicKeyToken=null'
   at System.Reflection.RuntimeAssembly.GetType(RuntimeAssembly assembly, String name, Boolean throwOnError, Boolean ignoreCase, ObjectHandleOnStack type)
   at System.Reflection.RuntimeAssembly.GetType(String name, Boolean throwOnError, Boolean ignoreCase)
   at BenchmarkDotNet.Autogenerated.UniqueProgramName.AfterAssemblyLoadingAttached(String[] args) in d:\code\Github\ServiceWire\src\Benchmarks\ServiceWire.Benchmarks\bin\Release\net8.0\eb0bd6a4-2dc9-4e41-9693-a66a443f1184\eb0bd6a4-2dc9-4e41-9693-a66a443f1184.notcs:line 57

WRN: Assembly binding logging is turned OFF.
To enable assembly bind failure logging, set the registry value [HKLM\Software\Microsoft\Fusion!EnableLog] (DWORD) to 1.
Note: There is some performance penalty associated with assembly bind failure logging.
To turn this feature off, remove the registry value [HKLM\Software\Microsoft\Fusion!EnableLog].

// AfterAll
You are probably missing <PlatformTarget>AnyCPU</PlatformTarget> in your .csproj file.
No Workload Results were obtained from the run.
// Benchmark Process 50620 has exited with code -1.

// ** Remained 2 (4.8%) benchmark(s) to run. Estimated finish 2026-08-18 15:36 (0h 0m from now) **
Setup power plan (GUID: 8c5e7fda-e8bf-4a96-9a85-a6e23a8c635c FriendlyName: High performance)
// **************************
// Benchmark: TcpBenchmarks.TcpCxOut: .NET Framework 4.8(Runtime=.NET Framework 4.8)
// *** Execute ***
// Launch: 1 / 1
// Execute: d:\code\Github\ServiceWire\src\Benchmarks\ServiceWire.Benchmarks\bin\Release\net8.0\eb0bd6a4-2dc9-4e41-9693-a66a443f1184\bin\Release\net48\eb0bd6a4-2dc9-4e41-9693-a66a443f1184.exe --anonymousPipes 2796 2804 --benchmarkName ServiceWire.Benchmarks.TcpBenchmarks.TcpCxOut --job ".NET Framework 4.8" --benchmarkId 12 in 
// BeforeAnythingElse

System.BadImageFormatException: Could not load file or assembly 'ServiceWire.Benchmarks, Version=1.0.0.0, Culture=neutral, PublicKeyToken=null' or one of its dependencies. An attempt was made to load a program with an incorrect format.
File name: 'ServiceWire.Benchmarks, Version=1.0.0.0, Culture=neutral, PublicKeyToken=null'
   at System.Reflection.RuntimeAssembly.GetType(RuntimeAssembly assembly, String name, Boolean throwOnError, Boolean ignoreCase, ObjectHandleOnStack type)
   at System.Reflection.RuntimeAssembly.GetType(String name, Boolean throwOnError, Boolean ignoreCase)
   at BenchmarkDotNet.Autogenerated.UniqueProgramName.AfterAssemblyLoadingAttached(String[] args) in d:\code\Github\ServiceWire\src\Benchmarks\ServiceWire.Benchmarks\bin\Release\net8.0\eb0bd6a4-2dc9-4e41-9693-a66a443f1184\eb0bd6a4-2dc9-4e41-9693-a66a443f1184.notcs:line 57

WRN: Assembly binding logging is turned OFF.
To enable assembly bind failure logging, set the registry value [HKLM\Software\Microsoft\Fusion!EnableLog] (DWORD) to 1.
Note: There is some performance penalty associated with assembly bind failure logging.
To turn this feature off, remove the registry value [HKLM\Software\Microsoft\Fusion!EnableLog].

// AfterAll
You are probably missing <PlatformTarget>AnyCPU</PlatformTarget> in your .csproj file.
No Workload Results were obtained from the run.
// Benchmark Process 61480 has exited with code -1.

// ** Remained 1 (2.4%) benchmark(s) to run. Estimated finish 2026-08-18 15:35 (0h 0m from now) **
Setup power plan (GUID: 8c5e7fda-e8bf-4a96-9a85-a6e23a8c635c FriendlyName: High performance)
// **************************
// Benchmark: TcpBenchmarks.TcpCxOutJson: .NET Framework 4.8(Runtime=.NET Framework 4.8)
// *** Execute ***
// Launch: 1 / 1
// Execute: d:\code\Github\ServiceWire\src\Benchmarks\ServiceWire.Benchmarks\bin\Release\net8.0\eb0bd6a4-2dc9-4e41-9693-a66a443f1184\bin\Release\net48\eb0bd6a4-2dc9-4e41-9693-a66a443f1184.exe --anonymousPipes 1328 3356 --benchmarkName ServiceWire.Benchmarks.TcpBenchmarks.TcpCxOutJson --job ".NET Framework 4.8" --benchmarkId 13 in 
// BeforeAnythingElse

System.BadImageFormatException: Could not load file or assembly 'ServiceWire.Benchmarks, Version=1.0.0.0, Culture=neutral, PublicKeyToken=null' or one of its dependencies. An attempt was made to load a program with an incorrect format.
File name: 'ServiceWire.Benchmarks, Version=1.0.0.0, Culture=neutral, PublicKeyToken=null'
   at System.Reflection.RuntimeAssembly.GetType(RuntimeAssembly assembly, String name, Boolean throwOnError, Boolean ignoreCase, ObjectHandleOnStack type)
   at System.Reflection.RuntimeAssembly.GetType(String name, Boolean throwOnError, Boolean ignoreCase)
   at BenchmarkDotNet.Autogenerated.UniqueProgramName.AfterAssemblyLoadingAttached(String[] args) in d:\code\Github\ServiceWire\src\Benchmarks\ServiceWire.Benchmarks\bin\Release\net8.0\eb0bd6a4-2dc9-4e41-9693-a66a443f1184\eb0bd6a4-2dc9-4e41-9693-a66a443f1184.notcs:line 57

WRN: Assembly binding logging is turned OFF.
To enable assembly bind failure logging, set the registry value [HKLM\Software\Microsoft\Fusion!EnableLog] (DWORD) to 1.
Note: There is some performance penalty associated with assembly bind failure logging.
To turn this feature off, remove the registry value [HKLM\Software\Microsoft\Fusion!EnableLog].

// AfterAll
You are probably missing <PlatformTarget>AnyCPU</PlatformTarget> in your .csproj file.
No Workload Results were obtained from the run.
// Benchmark Process 66440 has exited with code -1.

// ** Remained 0 (0.0%) benchmark(s) to run. Estimated finish 2026-08-18 15:35 (0h 0m from now) **
Successfully reverted power plan (GUID: 8c5e7fda-e8bf-4a96-9a85-a6e23a8c635c FriendlyName: High performance)
Run time: 00:00:04 (4.38 sec), executed benchmarks: 18

// ***** BenchmarkRunner: Finish  *****

// * Export *
  BenchmarkDotNet.Artifacts\results\BenchmarkRun-joined-2026-08-18-15-35-13-report.csv
  BenchmarkDotNet.Artifacts\results\BenchmarkRun-joined-2026-08-18-15-35-13-report-github.md
  BenchmarkDotNet.Artifacts\results\BenchmarkRun-joined-2026-08-18-15-35-13-report.html

// * Detailed results *
ConnectionBenchmarks.TcpConn: .NET 6.0(Runtime=.NET 6.0)
Runtime = .NET 6.0.36 (6.0.3624.51421), X64 RyuJIT AVX2; GC = Concurrent Workstation
There are not any results runs

ConnectionBenchmarks.TcpConn: .NET 8.0(Runtime=.NET 8.0)
Runtime = .NET 8.0.30 (8.0.3026.36720), X64 RyuJIT AVX2; GC = Concurrent Workstation
There are not any results runs

ConnectionBenchmarks.TcpConn: .NET Framework 4.8(Runtime=.NET Framework 4.8)
Runtime = ; GC = 
There are not any results runs

NamedPipesBenchmarks.NpSim: .NET 6.0(Runtime=.NET 6.0)
Runtime = .NET 6.0.36 (6.0.3624.51421), X64 RyuJIT AVX2; GC = Concurrent Workstation
Mean = 14.936 μs, StdErr = 0.088 μs (0.59%), N = 100, StdDev = 0.879 μs
Min = 12.455 μs, Q1 = 14.339 μs, Median = 15.217 μs, Q3 = 15.610 μs, Max = 16.084 μs
IQR = 1.272 μs, LowerFence = 12.431 μs, UpperFence = 17.518 μs
ConfidenceInterval = [14.638 μs; 15.234 μs] (CI 99.9%), Margin = 0.298 μs (2.00% of Mean)
Skewness = -0.93, Kurtosis = 3.14, MValue = 2.39
-------------------- Histogram --------------------
[12.320 μs ; 13.024 μs) | @@@@
[13.024 μs ; 13.578 μs) | @@@
[13.578 μs ; 14.075 μs) | @@@@@@@@@@@@
[14.075 μs ; 14.726 μs) | @@@@@@@@@@@@@@@@
[14.726 μs ; 15.169 μs) | @@@@@@@@@@
[15.169 μs ; 15.666 μs) | @@@@@@@@@@@@@@@@@@@@@@@@@@@@@@@@@@@@
[15.666 μs ; 16.127 μs) | @@@@@@@@@@@@@@@@@@@
---------------------------------------------------

NamedPipesBenchmarks.NpSim: .NET 8.0(Runtime=.NET 8.0)
Runtime = .NET 8.0.30 (8.0.3026.36720), X64 RyuJIT AVX2; GC = Concurrent Workstation
Mean = 14.203 μs, StdErr = 0.083 μs (0.58%), N = 85, StdDev = 0.761 μs
Min = 12.141 μs, Q1 = 13.712 μs, Median = 14.293 μs, Q3 = 14.733 μs, Max = 15.383 μs
IQR = 1.021 μs, LowerFence = 12.181 μs, UpperFence = 16.264 μs
ConfidenceInterval = [13.922 μs; 14.485 μs] (CI 99.9%), Margin = 0.281 μs (1.98% of Mean)
Skewness = -0.41, Kurtosis = 2.59, MValue = 3.67
-------------------- Histogram --------------------
[11.992 μs ; 12.446 μs) | @@
[12.446 μs ; 13.024 μs) | @@@@
[13.024 μs ; 13.638 μs) | @@@@@@@@@@@
[13.638 μs ; 14.092 μs) | @@@@@@@@@@@@@@@@@@@@@@@@
[14.092 μs ; 14.395 μs) | @@@
[14.395 μs ; 14.849 μs) | @@@@@@@@@@@@@@@@@@@@@@@
[14.849 μs ; 15.610 μs) | @@@@@@@@@@@@@@@@@@
---------------------------------------------------

NamedPipesBenchmarks.NpSim: .NET Framework 4.8(Runtime=.NET Framework 4.8)
Runtime = ; GC = 
There are not any results runs

TcpBenchmarks.TcpSim: .NET 6.0(Runtime=.NET 6.0)
Runtime = ; GC = 
There are not any results runs

TcpBenchmarks.TcpSim: .NET 8.0(Runtime=.NET 8.0)
Runtime = ; GC = 
There are not any results runs

TcpBenchmarks.TcpSim: .NET Framework 4.8(Runtime=.NET Framework 4.8)
Runtime = ; GC = 
There are not any results runs

ConnectionBenchmarks.NpConn: .NET 6.0(Runtime=.NET 6.0)
Runtime = .NET 6.0.36 (6.0.3624.51421), X64 RyuJIT AVX2; GC = Concurrent Workstation
Mean = 664.576 μs, StdErr = 2.753 μs (0.41%), N = 14, StdDev = 10.299 μs
Min = 649.908 μs, Q1 = 656.587 μs, Median = 661.947 μs, Q3 = 671.817 μs, Max = 682.217 μs
IQR = 15.230 μs, LowerFence = 633.741 μs, UpperFence = 694.663 μs
ConfidenceInterval = [652.958 μs; 676.194 μs] (CI 99.9%), Margin = 11.618 μs (1.75% of Mean)
Skewness = 0.28, Kurtosis = 1.59, MValue = 2
-------------------- Histogram --------------------
[644.300 μs ; 663.935 μs) | @@@@@@@@
[663.935 μs ; 687.825 μs) | @@@@@@
---------------------------------------------------

ConnectionBenchmarks.NpConn: .NET 8.0(Runtime=.NET 8.0)
Runtime = .NET 8.0.30 (8.0.3026.36720), X64 RyuJIT AVX2; GC = Concurrent Workstation
Mean = 620.454 μs, StdErr = 2.331 μs (0.38%), N = 13, StdDev = 8.403 μs
Min = 608.551 μs, Q1 = 613.522 μs, Median = 623.428 μs, Q3 = 625.652 μs, Max = 632.593 μs
IQR = 12.130 μs, LowerFence = 595.326 μs, UpperFence = 643.848 μs
ConfidenceInterval = [610.391 μs; 630.518 μs] (CI 99.9%), Margin = 10.063 μs (1.62% of Mean)
Skewness = -0.18, Kurtosis = 1.39, MValue = 2
-------------------- Histogram --------------------
[605.058 μs ; 620.035 μs) | @@@@@
[620.035 μs ; 637.284 μs) | @@@@@@@@
---------------------------------------------------

ConnectionBenchmarks.NpConn: .NET Framework 4.8(Runtime=.NET Framework 4.8)
Runtime = ; GC = 
There are not any results runs

NamedPipesBenchmarks.NpSimJson: .NET 6.0(Runtime=.NET 6.0)
Runtime = .NET 6.0.36 (6.0.3624.51421), X64 RyuJIT AVX2; GC = Concurrent Workstation
Mean = 14.791 μs, StdErr = 0.086 μs (0.58%), N = 84, StdDev = 0.789 μs
Min = 13.316 μs, Q1 = 14.158 μs, Median = 14.665 μs, Q3 = 15.546 μs, Max = 16.079 μs
IQR = 1.388 μs, LowerFence = 12.075 μs, UpperFence = 17.628 μs
ConfidenceInterval = [14.498 μs; 15.085 μs] (CI 99.9%), Margin = 0.294 μs (1.99% of Mean)
Skewness = -0.12, Kurtosis = 1.59, MValue = 3.6
-------------------- Histogram --------------------
[13.266 μs ; 13.739 μs) | @@@@@@@@
[13.739 μs ; 14.379 μs) | @@@@@@@@@@@@@@@@@@@@@@@@@@@@
[14.379 μs ; 14.905 μs) | @@@@@@@
[14.905 μs ; 15.364 μs) | @@@@@@@@@
[15.364 μs ; 15.837 μs) | @@@@@@@@@@@@@@@@@@@@@@@@@@@@@@
[15.837 μs ; 16.315 μs) | @@
---------------------------------------------------

NamedPipesBenchmarks.NpSimJson: .NET 8.0(Runtime=.NET 8.0)
Runtime = .NET 8.0.30 (8.0.3026.36720), X64 RyuJIT AVX2; GC = Concurrent Workstation
Mean = 14.520 μs, StdErr = 0.081 μs (0.56%), N = 41, StdDev = 0.520 μs
Min = 13.203 μs, Q1 = 14.381 μs, Median = 14.611 μs, Q3 = 14.836 μs, Max = 15.234 μs
IQR = 0.455 μs, LowerFence = 13.699 μs, UpperFence = 15.519 μs
ConfidenceInterval = [14.231 μs; 14.808 μs] (CI 99.9%), Margin = 0.288 μs (1.99% of Mean)
Skewness = -0.97, Kurtosis = 3.26, MValue = 2
-------------------- Histogram --------------------
[13.005 μs ; 13.421 μs) | @@
[13.421 μs ; 14.049 μs) | @@@@
[14.049 μs ; 14.450 μs) | @@@@@@
[14.450 μs ; 14.845 μs) | @@@@@@@@@@@@@@@@@@@
[14.845 μs ; 15.246 μs) | @@@@@@@@@@
---------------------------------------------------

NamedPipesBenchmarks.NpSimJson: .NET Framework 4.8(Runtime=.NET Framework 4.8)
Runtime = ; GC = 
There are not any results runs

TcpBenchmarks.TcpSimJson: .NET 6.0(Runtime=.NET 6.0)
Runtime = ; GC = 
There are not any results runs

TcpBenchmarks.TcpSimJson: .NET 8.0(Runtime=.NET 8.0)
Runtime = ; GC = 
There are not any results runs

TcpBenchmarks.TcpSimJson: .NET Framework 4.8(Runtime=.NET Framework 4.8)
Runtime = ; GC = 
There are not any results runs

NamedPipesBenchmarks.NpRg: .NET 6.0(Runtime=.NET 6.0)
Runtime = .NET 6.0.36 (6.0.3624.51421), X64 RyuJIT AVX2; GC = Concurrent Workstation
Mean = 26.783 μs, StdErr = 0.203 μs (0.76%), N = 100, StdDev = 2.029 μs
Min = 22.811 μs, Q1 = 24.887 μs, Median = 27.705 μs, Q3 = 28.461 μs, Max = 29.194 μs
IQR = 3.574 μs, LowerFence = 19.527 μs, UpperFence = 33.821 μs
ConfidenceInterval = [26.094 μs; 27.471 μs] (CI 99.9%), Margin = 0.688 μs (2.57% of Mean)
Skewness = -0.72, Kurtosis = 1.92, MValue = 2.83
-------------------- Histogram --------------------
[22.238 μs ; 22.989 μs) | @@
[22.989 μs ; 24.137 μs) | @@@@@@@@@@@@@@@@@@@@@
[24.137 μs ; 24.734 μs) | @
[24.734 μs ; 26.394 μs) | @@@@@@@
[26.394 μs ; 27.671 μs) | @@@@@@@@@@@@@@@@@
[27.671 μs ; 28.818 μs) | @@@@@@@@@@@@@@@@@@@@@@@@@@@@@@@@@@@@@@@@@@@@@@@@
[28.818 μs ; 29.767 μs) | @@@@
---------------------------------------------------

NamedPipesBenchmarks.NpRg: .NET 8.0(Runtime=.NET 8.0)
Runtime = .NET 8.0.30 (8.0.3026.36720), X64 RyuJIT AVX2; GC = Concurrent Workstation
Mean = 21.445 μs, StdErr = 0.186 μs (0.87%), N = 100, StdDev = 1.863 μs
Min = 18.032 μs, Q1 = 19.257 μs, Median = 22.237 μs, Q3 = 23.054 μs, Max = 23.552 μs
IQR = 3.797 μs, LowerFence = 13.562 μs, UpperFence = 28.750 μs
ConfidenceInterval = [20.813 μs; 22.076 μs] (CI 99.9%), Margin = 0.632 μs (2.95% of Mean)
Skewness = -0.68, Kurtosis = 1.82, MValue = 2.98
-------------------- Histogram --------------------
[18.027 μs ; 19.081 μs) | @@@@@@@@@@@@@@@@@@@@@@@@@
[19.081 μs ; 19.889 μs) | @
[19.889 μs ; 20.840 μs) | @@@@@@@
[20.840 μs ; 21.894 μs) | @@@@@@@@@@@
[21.894 μs ; 23.205 μs) | @@@@@@@@@@@@@@@@@@@@@@@@@@@@@@@@@@@@@@@@@@@@@@@@@
[23.205 μs ; 24.078 μs) | @@@@@@@
---------------------------------------------------

NamedPipesBenchmarks.NpRg: .NET Framework 4.8(Runtime=.NET Framework 4.8)
Runtime = ; GC = 
There are not any results runs

TcpBenchmarks.TcpRg: .NET 6.0(Runtime=.NET 6.0)
Runtime = ; GC = 
There are not any results runs

TcpBenchmarks.TcpRg: .NET 8.0(Runtime=.NET 8.0)
Runtime = ; GC = 
There are not any results runs

TcpBenchmarks.TcpRg: .NET Framework 4.8(Runtime=.NET Framework 4.8)
Runtime = ; GC = 
There are not any results runs

NamedPipesBenchmarks.NpRgJson: .NET 6.0(Runtime=.NET 6.0)
Runtime = .NET 6.0.36 (6.0.3624.51421), X64 RyuJIT AVX2; GC = Concurrent Workstation
Mean = 35.737 μs, StdErr = 0.300 μs (0.84%), N = 100, StdDev = 3.001 μs
Min = 31.319 μs, Q1 = 32.493 μs, Median = 36.597 μs, Q3 = 38.677 μs, Max = 39.583 μs
IQR = 6.184 μs, LowerFence = 23.216 μs, UpperFence = 47.954 μs
ConfidenceInterval = [34.719 μs; 36.754 μs] (CI 99.9%), Margin = 1.018 μs (2.85% of Mean)
Skewness = -0.18, Kurtosis = 1.3, MValue = 3.31
-------------------- Histogram --------------------
[30.470 μs ; 31.345 μs) | @
[31.345 μs ; 33.465 μs) | @@@@@@@@@@@@@@@@@@@@@@@@@@@@@@@@@
[33.465 μs ; 35.762 μs) | @@@@@@@@@@@@
[35.762 μs ; 37.701 μs) | @@@@@@@@@@@
[37.701 μs ; 39.398 μs) | @@@@@@@@@@@@@@@@@@@@@@@@@@@@@@@@@@@@@@@@@
[39.398 μs ; 40.431 μs) | @@
---------------------------------------------------

NamedPipesBenchmarks.NpRgJson: .NET 8.0(Runtime=.NET 8.0)
Runtime = .NET 8.0.30 (8.0.3026.36720), X64 RyuJIT AVX2; GC = Concurrent Workstation
Mean = 30.239 μs, StdErr = 0.202 μs (0.67%), N = 100, StdDev = 2.018 μs
Min = 24.861 μs, Q1 = 28.880 μs, Median = 30.233 μs, Q3 = 31.723 μs, Max = 34.675 μs
IQR = 2.843 μs, LowerFence = 24.616 μs, UpperFence = 35.987 μs
ConfidenceInterval = [29.554 μs; 30.923 μs] (CI 99.9%), Margin = 0.685 μs (2.26% of Mean)
Skewness = 0.01, Kurtosis = 2.57, MValue = 2.15
-------------------- Histogram --------------------
[24.291 μs ; 25.432 μs) | @
[25.432 μs ; 26.769 μs) | @@
[26.769 μs ; 28.431 μs) | @@@@@@@@@@@@
[28.431 μs ; 29.573 μs) | @@@@@@@@@@@@@@@@@@@@@@@@@@
[29.573 μs ; 30.790 μs) | @@@@@@@@@@@@@@@@@@@@@
[30.790 μs ; 32.305 μs) | @@@@@@@@@@@@@@@@@@@@@@@
[32.305 μs ; 33.578 μs) | @@@@@@@@@@@
[33.578 μs ; 34.974 μs) | @@@@
---------------------------------------------------

NamedPipesBenchmarks.NpRgJson: .NET Framework 4.8(Runtime=.NET Framework 4.8)
Runtime = ; GC = 
There are not any results runs

TcpBenchmarks.TcpRgJson: .NET 6.0(Runtime=.NET 6.0)
Runtime = ; GC = 
There are not any results runs

TcpBenchmarks.TcpRgJson: .NET 8.0(Runtime=.NET 8.0)
Runtime = ; GC = 
There are not any results runs

TcpBenchmarks.TcpRgJson: .NET Framework 4.8(Runtime=.NET Framework 4.8)
Runtime = ; GC = 
There are not any results runs

NamedPipesBenchmarks.NpCxOut: .NET 6.0(Runtime=.NET 6.0)
Runtime = .NET 6.0.36 (6.0.3624.51421), X64 RyuJIT AVX2; GC = Concurrent Workstation
Mean = 25.677 μs, StdErr = 0.246 μs (0.96%), N = 100, StdDev = 2.462 μs
Min = 21.129 μs, Q1 = 23.194 μs, Median = 26.661 μs, Q3 = 27.798 μs, Max = 28.654 μs
IQR = 4.604 μs, LowerFence = 16.289 μs, UpperFence = 34.704 μs
ConfidenceInterval = [24.842 μs; 26.512 μs] (CI 99.9%), Margin = 0.835 μs (3.25% of Mean)
Skewness = -0.6, Kurtosis = 1.75, MValue = 2.69
-------------------- Histogram --------------------
[21.129 μs ; 22.522 μs) | @@@@@@@@@@@@@@@@@@@@
[22.522 μs ; 24.180 μs) | @@@@@@@@@@@@
[24.180 μs ; 25.589 μs) | @@@@@
[25.589 μs ; 27.034 μs) | @@@@@@@@@@@@@@@@
[27.034 μs ; 28.426 μs) | @@@@@@@@@@@@@@@@@@@@@@@@@@@@@@@@@@@@@@@@@@@@@
[28.426 μs ; 29.350 μs) | @@
---------------------------------------------------

NamedPipesBenchmarks.NpCxOut: .NET 8.0(Runtime=.NET 8.0)
Runtime = .NET 8.0.30 (8.0.3026.36720), X64 RyuJIT AVX2; GC = Concurrent Workstation
Mean = 26.440 μs, StdErr = 0.650 μs (2.46%), N = 100, StdDev = 6.501 μs
Min = 17.916 μs, Q1 = 21.164 μs, Median = 23.607 μs, Q3 = 32.587 μs, Max = 39.786 μs
IQR = 11.422 μs, LowerFence = 4.031 μs, UpperFence = 49.720 μs
ConfidenceInterval = [24.236 μs; 28.645 μs] (CI 99.9%), Margin = 2.205 μs (8.34% of Mean)
Skewness = 0.53, Kurtosis = 1.77, MValue = 2.6
-------------------- Histogram --------------------
[16.078 μs ; 19.427 μs) | @@@@@@@
[19.427 μs ; 23.104 μs) | @@@@@@@@@@@@@@@@@@@@@@@@@@@@@@@@@@@@@@@@@@
[23.104 μs ; 27.440 μs) | @@@@@@@@@@
[27.440 μs ; 31.492 μs) | @@@@@@@@@@
[31.492 μs ; 35.734 μs) | @@@@@@@@@@@@@@@@@
[35.734 μs ; 39.411 μs) | @@@@@@@@@@@@@
[39.411 μs ; 41.624 μs) | @
---------------------------------------------------

NamedPipesBenchmarks.NpCxOut: .NET Framework 4.8(Runtime=.NET Framework 4.8)
Runtime = ; GC = 
There are not any results runs

TcpBenchmarks.TcpCxOut: .NET 6.0(Runtime=.NET 6.0)
Runtime = ; GC = 
There are not any results runs

TcpBenchmarks.TcpCxOut: .NET 8.0(Runtime=.NET 8.0)
Runtime = ; GC = 
There are not any results runs

TcpBenchmarks.TcpCxOut: .NET Framework 4.8(Runtime=.NET Framework 4.8)
Runtime = ; GC = 
There are not any results runs

NamedPipesBenchmarks.NpCxOutJson: .NET 6.0(Runtime=.NET 6.0)
Runtime = .NET 6.0.36 (6.0.3624.51421), X64 RyuJIT AVX2; GC = Concurrent Workstation
Mean = 29.743 μs, StdErr = 0.303 μs (1.02%), N = 100, StdDev = 3.034 μs
Min = 24.803 μs, Q1 = 26.498 μs, Median = 30.439 μs, Q3 = 32.374 μs, Max = 33.860 μs
IQR = 5.876 μs, LowerFence = 17.684 μs, UpperFence = 41.188 μs
ConfidenceInterval = [28.714 μs; 30.772 μs] (CI 99.9%), Margin = 1.029 μs (3.46% of Mean)
Skewness = -0.28, Kurtosis = 1.45, MValue = 3.67
-------------------- Histogram --------------------
[23.945 μs ; 24.901 μs) | @@
[24.901 μs ; 26.617 μs) | @@@@@@@@@@@@@@@@@@@@@@@@@@
[26.617 μs ; 27.241 μs) | @@
[27.241 μs ; 28.957 μs) | @@@@@@@@@@@@
[28.957 μs ; 30.325 μs) | @@@@@@
[30.325 μs ; 32.097 μs) | @@@@@@@@@@@@@@@
[32.097 μs ; 33.813 μs) | @@@@@@@@@@@@@@@@@@@@@@@@@@@@@@@@@@@@
[33.813 μs ; 34.718 μs) | @
---------------------------------------------------

NamedPipesBenchmarks.NpCxOutJson: .NET 8.0(Runtime=.NET 8.0)
Runtime = .NET 8.0.30 (8.0.3026.36720), X64 RyuJIT AVX2; GC = Concurrent Workstation
Mean = 40.745 μs, StdErr = 0.283 μs (0.69%), N = 100, StdDev = 2.830 μs
Min = 34.145 μs, Q1 = 38.210 μs, Median = 42.336 μs, Q3 = 42.879 μs, Max = 44.177 μs
IQR = 4.669 μs, LowerFence = 31.206 μs, UpperFence = 49.882 μs
ConfidenceInterval = [39.785 μs; 41.704 μs] (CI 99.9%), Margin = 0.960 μs (2.36% of Mean)
Skewness = -0.84, Kurtosis = 2.21, MValue = 2.59
-------------------- Histogram --------------------
[33.991 μs ; 35.615 μs) | @@@@
[35.615 μs ; 37.215 μs) | @@@@@@@@@@@@@@
[37.215 μs ; 38.749 μs) | @@@@@@@@@@
[38.749 μs ; 40.237 μs) | @@@@@
[40.237 μs ; 41.827 μs) | @@@@@@@@@@@@
[41.827 μs ; 43.427 μs) | @@@@@@@@@@@@@@@@@@@@@@@@@@@@@@@@@@@@@@@@@@@@@@@@@@@
[43.427 μs ; 44.977 μs) | @@@@
---------------------------------------------------

NamedPipesBenchmarks.NpCxOutJson: .NET Framework 4.8(Runtime=.NET Framework 4.8)
Runtime = ; GC = 
There are not any results runs

TcpBenchmarks.TcpCxOutJson: .NET 6.0(Runtime=.NET 6.0)
Runtime = ; GC = 
There are not any results runs

TcpBenchmarks.TcpCxOutJson: .NET 8.0(Runtime=.NET 8.0)
Runtime = ; GC = 
There are not any results runs

TcpBenchmarks.TcpCxOutJson: .NET Framework 4.8(Runtime=.NET Framework 4.8)
Runtime = ; GC = 
There are not any results runs

// * Summary *

BenchmarkDotNet v0.14.0, Windows 11 (10.0.26200.9168)
AMD Ryzen Threadripper PRO 5975WX 32-Cores, 1 CPU, 64 logical and 32 physical cores
.NET SDK 10.0.204
  [Host]   : .NET 8.0.30 (8.0.3026.36720), X64 RyuJIT AVX2
  .NET 6.0 : .NET 6.0.36 (6.0.3624.51421), X64 RyuJIT AVX2
  .NET 8.0 : .NET 8.0.30 (8.0.3026.36720), X64 RyuJIT AVX2


| Type                 | Method       | Job                | Runtime            | Mean      | Error     | StdDev    | Median    | Ratio | RatioSD | Gen0   | Gen1   | Allocated | Alloc Ratio |
|--------------------- |------------- |------------------- |------------------- |----------:|----------:|----------:|----------:|------:|--------:|-------:|-------:|----------:|------------:|
| ConnectionBenchmarks | TcpConn      | .NET 6.0           | .NET 6.0           |        NA |        NA |        NA |        NA |     ? |       ? |     NA |     NA |        NA |           ? |
| ConnectionBenchmarks | TcpConn      | .NET 8.0           | .NET 8.0           |        NA |        NA |        NA |        NA |     ? |       ? |     NA |     NA |        NA |           ? |
| ConnectionBenchmarks | TcpConn      | .NET Framework 4.8 | .NET Framework 4.8 |        NA |        NA |        NA |        NA |     ? |       ? |     NA |     NA |        NA |           ? |
|                      |              |                    |                    |           |           |           |           |       |         |        |        |           |             |
| NamedPipesBenchmarks | NpSim        | .NET 6.0           | .NET 6.0           |  14.94 μs |  0.298 μs |  0.879 μs |  15.22 μs |  1.05 |    0.08 | 0.0153 |      - |     320 B |        1.00 |
| NamedPipesBenchmarks | NpSim        | .NET 8.0           | .NET 8.0           |  14.20 μs |  0.281 μs |  0.761 μs |  14.29 μs |  1.00 |    0.08 | 0.0153 |      - |     320 B |        1.00 |
| NamedPipesBenchmarks | NpSim        | .NET Framework 4.8 | .NET Framework 4.8 |        NA |        NA |        NA |        NA |     ? |       ? |     NA |     NA |        NA |           ? |
|                      |              |                    |                    |           |           |           |           |       |         |        |        |           |             |
| TcpBenchmarks        | TcpSim       | .NET 6.0           | .NET 6.0           |        NA |        NA |        NA |        NA |     ? |       ? |     NA |     NA |        NA |           ? |
| TcpBenchmarks        | TcpSim       | .NET 8.0           | .NET 8.0           |        NA |        NA |        NA |        NA |     ? |       ? |     NA |     NA |        NA |           ? |
| TcpBenchmarks        | TcpSim       | .NET Framework 4.8 | .NET Framework 4.8 |        NA |        NA |        NA |        NA |     ? |       ? |     NA |     NA |        NA |           ? |
|                      |              |                    |                    |           |           |           |           |       |         |        |        |           |             |
| ConnectionBenchmarks | NpConn       | .NET 6.0           | .NET 6.0           | 664.58 μs | 11.618 μs | 10.299 μs | 661.95 μs |  1.07 |    0.02 | 4.8828 | 1.9531 |   71887 B |        1.01 |
| ConnectionBenchmarks | NpConn       | .NET 8.0           | .NET 8.0           | 620.45 μs | 10.063 μs |  8.403 μs | 623.43 μs |  1.00 |    0.02 | 4.8828 |      - |   71115 B |        1.00 |
| ConnectionBenchmarks | NpConn       | .NET Framework 4.8 | .NET Framework 4.8 |        NA |        NA |        NA |        NA |     ? |       ? |     NA |     NA |        NA |           ? |
|                      |              |                    |                    |           |           |           |           |       |         |        |        |           |             |
| NamedPipesBenchmarks | NpSimJson    | .NET 6.0           | .NET 6.0           |  14.79 μs |  0.294 μs |  0.789 μs |  14.67 μs |  1.02 |    0.07 |      - |      - |     320 B |        1.00 |
| NamedPipesBenchmarks | NpSimJson    | .NET 8.0           | .NET 8.0           |  14.52 μs |  0.288 μs |  0.520 μs |  14.61 μs |  1.00 |    0.05 | 0.0153 |      - |     320 B |        1.00 |
| NamedPipesBenchmarks | NpSimJson    | .NET Framework 4.8 | .NET Framework 4.8 |        NA |        NA |        NA |        NA |     ? |       ? |     NA |     NA |        NA |           ? |
|                      |              |                    |                    |           |           |           |           |       |         |        |        |           |             |
| TcpBenchmarks        | TcpSimJson   | .NET 6.0           | .NET 6.0           |        NA |        NA |        NA |        NA |     ? |       ? |     NA |     NA |        NA |           ? |
| TcpBenchmarks        | TcpSimJson   | .NET 8.0           | .NET 8.0           |        NA |        NA |        NA |        NA |     ? |       ? |     NA |     NA |        NA |           ? |
| TcpBenchmarks        | TcpSimJson   | .NET Framework 4.8 | .NET Framework 4.8 |        NA |        NA |        NA |        NA |     ? |       ? |     NA |     NA |        NA |           ? |
|                      |              |                    |                    |           |           |           |           |       |         |        |        |           |             |
| NamedPipesBenchmarks | NpRg         | .NET 6.0           | .NET 6.0           |  26.78 μs |  0.688 μs |  2.029 μs |  27.71 μs |  1.26 |    0.15 | 0.5798 |      - |    9744 B |        1.29 |
| NamedPipesBenchmarks | NpRg         | .NET 8.0           | .NET 8.0           |  21.44 μs |  0.632 μs |  1.863 μs |  22.24 μs |  1.01 |    0.13 | 0.4578 |      - |    7528 B |        1.00 |
| NamedPipesBenchmarks | NpRg         | .NET Framework 4.8 | .NET Framework 4.8 |        NA |        NA |        NA |        NA |     ? |       ? |     NA |     NA |        NA |           ? |
|                      |              |                    |                    |           |           |           |           |       |         |        |        |           |             |
| TcpBenchmarks        | TcpRg        | .NET 6.0           | .NET 6.0           |        NA |        NA |        NA |        NA |     ? |       ? |     NA |     NA |        NA |           ? |
| TcpBenchmarks        | TcpRg        | .NET 8.0           | .NET 8.0           |        NA |        NA |        NA |        NA |     ? |       ? |     NA |     NA |        NA |           ? |
| TcpBenchmarks        | TcpRg        | .NET Framework 4.8 | .NET Framework 4.8 |        NA |        NA |        NA |        NA |     ? |       ? |     NA |     NA |        NA |           ? |
|                      |              |                    |                    |           |           |           |           |       |         |        |        |           |             |
| NamedPipesBenchmarks | NpRgJson     | .NET 6.0           | .NET 6.0           |  35.74 μs |  1.018 μs |  3.001 μs |  36.60 μs |  1.19 |    0.13 | 1.2817 |      - |   21680 B |        1.19 |
| NamedPipesBenchmarks | NpRgJson     | .NET 8.0           | .NET 8.0           |  30.24 μs |  0.685 μs |  2.018 μs |  30.23 μs |  1.00 |    0.09 | 1.0986 |      - |   18184 B |        1.00 |
| NamedPipesBenchmarks | NpRgJson     | .NET Framework 4.8 | .NET Framework 4.8 |        NA |        NA |        NA |        NA |     ? |       ? |     NA |     NA |        NA |           ? |
|                      |              |                    |                    |           |           |           |           |       |         |        |        |           |             |
| TcpBenchmarks        | TcpRgJson    | .NET 6.0           | .NET 6.0           |        NA |        NA |        NA |        NA |     ? |       ? |     NA |     NA |        NA |           ? |
| TcpBenchmarks        | TcpRgJson    | .NET 8.0           | .NET 8.0           |        NA |        NA |        NA |        NA |     ? |       ? |     NA |     NA |        NA |           ? |
| TcpBenchmarks        | TcpRgJson    | .NET Framework 4.8 | .NET Framework 4.8 |        NA |        NA |        NA |        NA |     ? |       ? |     NA |     NA |        NA |           ? |
|                      |              |                    |                    |           |           |           |           |       |         |        |        |           |             |
| NamedPipesBenchmarks | NpCxOut      | .NET 6.0           | .NET 6.0           |  25.68 μs |  0.835 μs |  2.462 μs |  26.66 μs |  1.03 |    0.25 | 0.1526 |      - |    2760 B |        1.17 |
| NamedPipesBenchmarks | NpCxOut      | .NET 8.0           | .NET 8.0           |  26.44 μs |  2.205 μs |  6.501 μs |  23.61 μs |  1.06 |    0.36 | 0.1221 |      - |    2352 B |        1.00 |
| NamedPipesBenchmarks | NpCxOut      | .NET Framework 4.8 | .NET Framework 4.8 |        NA |        NA |        NA |        NA |     ? |       ? |     NA |     NA |        NA |           ? |
|                      |              |                    |                    |           |           |           |           |       |         |        |        |           |             |
| TcpBenchmarks        | TcpCxOut     | .NET 6.0           | .NET 6.0           |        NA |        NA |        NA |        NA |     ? |       ? |     NA |     NA |        NA |           ? |
| TcpBenchmarks        | TcpCxOut     | .NET 8.0           | .NET 8.0           |        NA |        NA |        NA |        NA |     ? |       ? |     NA |     NA |        NA |           ? |
| TcpBenchmarks        | TcpCxOut     | .NET Framework 4.8 | .NET Framework 4.8 |        NA |        NA |        NA |        NA |     ? |       ? |     NA |     NA |        NA |           ? |
|                      |              |                    |                    |           |           |           |           |       |         |        |        |           |             |
| NamedPipesBenchmarks | NpCxOutJson  | .NET 6.0           | .NET 6.0           |  29.74 μs |  1.029 μs |  3.034 μs |  30.44 μs |  0.73 |    0.09 | 0.3662 |      - |    6688 B |        1.03 |
| NamedPipesBenchmarks | NpCxOutJson  | .NET 8.0           | .NET 8.0           |  40.74 μs |  0.960 μs |  2.830 μs |  42.34 μs |  1.01 |    0.10 | 0.3662 |      - |    6520 B |        1.00 |
| NamedPipesBenchmarks | NpCxOutJson  | .NET Framework 4.8 | .NET Framework 4.8 |        NA |        NA |        NA |        NA |     ? |       ? |     NA |     NA |        NA |           ? |
|                      |              |                    |                    |           |           |           |           |       |         |        |        |           |             |
| TcpBenchmarks        | TcpCxOutJson | .NET 6.0           | .NET 6.0           |        NA |        NA |        NA |        NA |     ? |       ? |     NA |     NA |        NA |           ? |
| TcpBenchmarks        | TcpCxOutJson | .NET 8.0           | .NET 8.0           |        NA |        NA |        NA |        NA |     ? |       ? |     NA |     NA |        NA |           ? |
| TcpBenchmarks        | TcpCxOutJson | .NET Framework 4.8 | .NET Framework 4.8 |        NA |        NA |        NA |        NA |     ? |       ? |     NA |     NA |        NA |           ? |

Benchmarks with issues:
  ConnectionBenchmarks.TcpConn: .NET 6.0(Runtime=.NET 6.0)
  ConnectionBenchmarks.TcpConn: .NET 8.0(Runtime=.NET 8.0)
  ConnectionBenchmarks.TcpConn: .NET Framework 4.8(Runtime=.NET Framework 4.8)
  NamedPipesBenchmarks.NpSim: .NET Framework 4.8(Runtime=.NET Framework 4.8)
  TcpBenchmarks.TcpSim: .NET 6.0(Runtime=.NET 6.0)
  TcpBenchmarks.TcpSim: .NET 8.0(Runtime=.NET 8.0)
  TcpBenchmarks.TcpSim: .NET Framework 4.8(Runtime=.NET Framework 4.8)
  ConnectionBenchmarks.NpConn: .NET Framework 4.8(Runtime=.NET Framework 4.8)
  NamedPipesBenchmarks.NpSimJson: .NET Framework 4.8(Runtime=.NET Framework 4.8)
  TcpBenchmarks.TcpSimJson: .NET 6.0(Runtime=.NET 6.0)
  TcpBenchmarks.TcpSimJson: .NET 8.0(Runtime=.NET 8.0)
  TcpBenchmarks.TcpSimJson: .NET Framework 4.8(Runtime=.NET Framework 4.8)
  NamedPipesBenchmarks.NpRg: .NET Framework 4.8(Runtime=.NET Framework 4.8)
  TcpBenchmarks.TcpRg: .NET 6.0(Runtime=.NET 6.0)
  TcpBenchmarks.TcpRg: .NET 8.0(Runtime=.NET 8.0)
  TcpBenchmarks.TcpRg: .NET Framework 4.8(Runtime=.NET Framework 4.8)
  NamedPipesBenchmarks.NpRgJson: .NET Framework 4.8(Runtime=.NET Framework 4.8)
  TcpBenchmarks.TcpRgJson: .NET 6.0(Runtime=.NET 6.0)
  TcpBenchmarks.TcpRgJson: .NET 8.0(Runtime=.NET 8.0)
  TcpBenchmarks.TcpRgJson: .NET Framework 4.8(Runtime=.NET Framework 4.8)
  NamedPipesBenchmarks.NpCxOut: .NET Framework 4.8(Runtime=.NET Framework 4.8)
  TcpBenchmarks.TcpCxOut: .NET 6.0(Runtime=.NET 6.0)
  TcpBenchmarks.TcpCxOut: .NET 8.0(Runtime=.NET 8.0)
  TcpBenchmarks.TcpCxOut: .NET Framework 4.8(Runtime=.NET Framework 4.8)
  NamedPipesBenchmarks.NpCxOutJson: .NET Framework 4.8(Runtime=.NET Framework 4.8)
  TcpBenchmarks.TcpCxOutJson: .NET 6.0(Runtime=.NET 6.0)
  TcpBenchmarks.TcpCxOutJson: .NET 8.0(Runtime=.NET 8.0)
  TcpBenchmarks.TcpCxOutJson: .NET Framework 4.8(Runtime=.NET Framework 4.8)

// * Warnings *
Environment
  Summary -> Detected error exit code from one of the benchmarks. It might be caused by following antivirus software:
        - Windows Defender (windowsdefender://)
Use InProcessEmitToolchain or InProcessNoEmitToolchain to avoid new process creation.

MultimodalDistribution
  NamedPipesBenchmarks.NpSim: .NET 8.0     -> It seems that the distribution is bimodal (mValue = 3.67)
  NamedPipesBenchmarks.NpSimJson: .NET 6.0 -> It seems that the distribution is bimodal (mValue = 3.6)
  NamedPipesBenchmarks.NpRg: .NET 6.0      -> It seems that the distribution can have several modes (mValue = 2.83)
  NamedPipesBenchmarks.NpRg: .NET 8.0      -> It seems that the distribution can have several modes (mValue = 2.98)
  NamedPipesBenchmarks.NpRgJson: .NET 6.0  -> It seems that the distribution is bimodal (mValue = 3.31)
BaselineCustomAnalyzer
  Summary -> A question mark '?' symbol indicates that it was not possible to compute the (Ratio, RatioSD, Alloc Ratio) column(s) because the baseline value is too close to zero.

// * Hints *
Outliers
  NamedPipesBenchmarks.NpSim: .NET 8.0     -> 1 outlier  was  detected (12.14 μs)
  ConnectionBenchmarks.NpConn: .NET 6.0    -> 1 outlier  was  removed (720.78 μs)
  ConnectionBenchmarks.NpConn: .NET 8.0    -> 2 outliers were removed (668.10 μs, 678.47 μs)
  NamedPipesBenchmarks.NpSimJson: .NET 8.0 -> 5 outliers were detected (13.20 μs..13.67 μs)
// * Config Issues *

// * Warnings *
Configuration
  Summary -> The exporter HtmlExporter is already present in configuration. There may be unexpected results.

// * Legends *
  Mean        : Arithmetic mean of all measurements
  Error       : Half of 99.9% confidence interval
  StdDev      : Standard deviation of all measurements
  Median      : Value separating the higher half of all measurements (50th percentile)
  Ratio       : Mean of the ratio distribution ([Current]/[Baseline])
  RatioSD     : Standard deviation of the ratio distribution ([Current]/[Baseline])
  Gen0        : GC Generation 0 collects per 1000 operations
  Gen1        : GC Generation 1 collects per 1000 operations
  Allocated   : Allocated memory per single operation (managed only, inclusive, 1KB = 1024B)
  Alloc Ratio : Allocated memory ratio distribution ([Current]/[Baseline])
  1 μs        : 1 Microsecond (0.000001 sec)

// * Diagnostic Output - MemoryDiagnoser *


// ***** BenchmarkRunner: End *****
Global total time: 00:16:46 (1006.2 sec), executed benchmarks: 42
// * Artifacts cleanup *
Artifacts cleanup is finished
